/*
SQLyog Professional v12.08 (64 bit)
MySQL - 5.6.29 : Database - demo
*********************************************************************
*/

/*!40101 SET NAMES utf8 */;

/*!40101 SET SQL_MODE=''*/;

/*!40014 SET @OLD_UNIQUE_CHECKS=@@UNIQUE_CHECKS, UNIQUE_CHECKS=0 */;
/*!40014 SET @OLD_FOREIGN_KEY_CHECKS=@@FOREIGN_KEY_CHECKS, FOREIGN_KEY_CHECKS=0 */;
/*!40101 SET @OLD_SQL_MODE=@@SQL_MODE, SQL_MODE='NO_AUTO_VALUE_ON_ZERO' */;
/*!40111 SET @OLD_SQL_NOTES=@@SQL_NOTES, SQL_NOTES=0 */;
CREATE DATABASE /*!32312 IF NOT EXISTS*/`demo` /*!40100 DEFAULT CHARACTER SET utf8 */;

USE `demo`;

/*Table structure for table `banner` */

DROP TABLE IF EXISTS `banner`;

CREATE TABLE `banner` (
  `id` int(11) NOT NULL AUTO_INCREMENT COMMENT '主键',
  `name` varchar(50) NOT NULL DEFAULT '' COMMENT '名字',
  `link` varchar(100) NOT NULL DEFAULT '' COMMENT '连接地址',
  `status` int(11) NOT NULL DEFAULT '0' COMMENT '0不展示,1展示',
  `create_id` int(11) NOT NULL DEFAULT '0' COMMENT '创建人',
  `create_name` varchar(50) NOT NULL DEFAULT '' COMMENT '创建人',
  `create_at` int(11) NOT NULL DEFAULT '0' COMMENT '时间',
  `modify_id` int(11) NOT NULL DEFAULT '0' COMMENT '修改人',
  `modify_name` varchar(50) NOT NULL DEFAULT '',
  `modify_at` int(11) NOT NULL DEFAULT '0',
  `isdelete` int(11) NOT NULL DEFAULT '0' COMMENT '0未删除1删除',
  `jump_link` varchar(100) NOT NULL DEFAULT '' COMMENT '跳转连接',
  PRIMARY KEY (`id`)
) ENGINE=InnoDB AUTO_INCREMENT=17 DEFAULT CHARSET=utf8;

/*Data for the table `banner` */

insert  into `banner`(`id`,`name`,`link`,`status`,`create_id`,`create_name`,`create_at`,`modify_id`,`modify_name`,`modify_at`,`isdelete`,`jump_link`) values (14,'main-banner-1','94a92569e8d442a4bc9e6a4ad1f99ddf.jpg',1,24,'陈俊',1467340395,0,'管理员',1467344476,1,''),(15,'main-banner-3','140b515088f64b0aa773cf2543aabc88.jpg',1,24,'陈俊',1467340403,27,'李乐',1467345831,0,''),(16,'main-banner-2','9949ea22e0d54716829f172c5075d237.jpg',1,24,'陈俊',1467340404,27,'李乐',1467345837,0,'');

/*Table structure for table `business_circle` */

DROP TABLE IF EXISTS `business_circle`;

CREATE TABLE `business_circle` (
  `business_circle_id` int(11) NOT NULL AUTO_INCREMENT COMMENT '商圈id',
  `district_id` int(11) NOT NULL DEFAULT '0' COMMENT '区域id',
  `business_circle_name` varchar(200) NOT NULL DEFAULT '' COMMENT '商圈名字',
  `is_delete` int(5) NOT NULL DEFAULT '0' COMMENT '1已删除',
  PRIMARY KEY (`business_circle_id`)
) ENGINE=InnoDB AUTO_INCREMENT=334 DEFAULT CHARSET=utf8;

/*Data for the table `business_circle` */

insert  into `business_circle`(`business_circle_id`,`district_id`,`business_circle_name`,`is_delete`) values (1,105056,'南京西路',0),(2,105054,'漕河泾',0),(3,105054,'徐家汇',0),(6,105064,'陆家嘴',0),(8,105052,'人民广场',0),(9,105064,'张江',0),(13,105064,'竹园商贸区',0),(14,105052,'打浦桥',0),(15,105052,'外滩',0),(18,105059,'四川北路',0),(19,105052,'豫园',0),(21,105052,'南京东路',0),(22,105056,'静安寺',0),(24,105057,'长寿路',0),(25,105055,'中山公园',0),(30,105059,'北外滩',0),(31,105060,'五角场',0),(32,105060,'东外滩',0),(44,105063,'安亭',0),(45,105055,'虹桥',0),(46,105055,'北新泾',0),(47,105061,'七宝',0),(53,105035,'望京',0),(54,105035,'燕莎',0),(55,105035,'CBD',0),(56,105035,'潘家园',0),(57,105035,'奥林匹克',0),(58,105036,'东直门商业圈',0),(59,105035,'朝外',0),(60,105036,'安定门',0),(61,105036,'王府井',0),(62,105036,'新世界',0),(63,105040,'方庄',0),(64,105040,'木樨园',0),(65,105040,'玉泉营',0),(66,105037,'马连道',0),(67,105037,'西单',0),(68,105034,'学院路',0),(69,105037,'金融街',0),(70,105037,'西直门',0),(71,105034,'上地',0),(72,105034,'中关村',0),(73,105034,'万柳',0),(74,105034,'公主坟',0),(75,105040,'丽泽桥',0),(77,105034,'五棵松',0),(80,105041,'西山',0),(81,105041,'苹果园',0),(82,105043,'黄村西大街',0),(83,105035,'三元桥',0),(86,105035,'亮马桥',0),(87,105035,'三里屯',0),(88,105035,'十八里店',0),(89,105035,'双井',0),(90,105035,'团结湖',0),(92,105035,'国贸',0),(93,105035,'定福庄/管庄',0),(94,105035,'安贞/马甸',0),(95,105035,'百子湾',0),(96,105035,'北苑',0),(97,105035,'朝阳公园',0),(98,105035,'慈云寺/四惠',0),(99,105035,'大望路',0),(100,105034,'北太平庄',0),(101,105034,'紫竹桥',0),(103,105034,'远大路',0),(104,105034,'颐和园',0),(105,105034,'西山',0),(106,105034,'五道口',0),(107,105034,'蓟门桥',0),(108,105034,'航天桥',0),(109,105034,'定慧寺',0),(110,105034,'清河',0),(111,105036,'雍和宫',0),(112,105036,'东四十条',0),(113,105036,'和平里',0),(114,105036,'建国门',0),(115,105036,'朝阳门/金宝街',0),(116,105037,'德胜门',0),(117,105037,'地安门',0),(118,105037,'复兴门',0),(119,105037,'木樨地',0),(120,105036,'崇文门',0),(121,105036,'广渠门',0),(122,105036,'前门',0),(123,105036,'左安门',0),(124,105037,'宣武门',0),(125,105037,'广安门',0),(126,105037,'右安门',0),(127,105040,'科技园区',0),(128,105040,'刘家窑',0),(129,105040,'马家堡',0),(130,105043,'西红门',0),(131,105043,'亦庄',0),(132,105041,'八角',0),(133,105041,'古城',0),(134,105041,'玉泉路',0),(135,105041,'鲁谷/八宝山',0),(136,105041,'杨庄',0),(137,105044,'通州区',0),(138,105035,'朝阳其他',0),(139,105035,'亚奥',0),(140,105035,'劲松/潘家园',0),(141,105035,'朝青',0),(142,105035,'对外经贸',0),(143,105035,'北工大',0),(144,105035,'首都机场',0),(145,105035,'惠新西街',0),(146,105035,'北沙滩',0),(147,105035,'十里堡',0),(148,105035,'亚运村小营',0),(149,105035,'东大桥',0),(150,105035,'华威',0),(151,105035,'太阳宫',0),(152,105035,'垡头',0),(153,105035,'芍药居',0),(154,105035,'亚运村',0),(155,105035,'欢乐谷',0),(156,105034,'公主坟/万寿路',0),(157,105034,'海淀其他',0),(158,105034,'清华园',0),(159,105034,'农大',0),(160,105034,'苏州桥',0),(161,105034,'双榆树',0),(162,105034,'马连洼',0),(163,105034,'世纪城',0),(164,105034,'四季青',0),(165,105034,'颐和园北',0),(166,105036,'安定门/雍和宫',0),(167,105036,'东四',0),(168,105036,'灯市口',0),(169,105036,'金宝街',0),(170,105036,'朝阳门内',0),(171,105036,'天坛',0),(172,105036,'永定门',0),(173,105036,'东花市',0),(174,105036,'广渠门内',0),(175,105037,'月坛',0),(176,105037,'展览路',0),(177,105037,'甘家口',0),(178,105037,'新街口',0),(179,105037,'车公庄',0),(180,105037,'广内大街',0),(181,105037,'菜市口',0),(182,105037,'广外大街',0),(183,105037,'虎坊桥',0),(184,105037,'陶然亭',0),(185,105037,'牛街',0),(186,105037,'大栅栏',0),(187,105040,'六里桥/丽泽桥',0),(188,105040,'洋桥/木樨园',0),(189,105040,'岳各庄',0),(190,105040,'丰台其他',0),(191,105040,'六里桥',0),(192,105040,'成寿寺',0),(193,105040,'花乡',0),(194,105040,'卢沟桥',0),(195,105040,'丰台体育馆',0),(196,105040,'东高地',0),(197,105040,'西罗园',0),(198,105040,'菜户营',0),(199,105040,'草桥',0),(200,105040,'京石高速',0),(201,105040,'丽泽',0),(202,105041,'石景山区',0),(203,105043,'大兴区',0),(204,105043,'黄村北',0),(205,105043,'旧宫东',0),(206,105043,'大兴',0),(207,105043,'黄村卫星城',0),(208,105046,'昌平区',0),(209,105046,'百善镇',0),(210,105046,'龙泽',0),(211,105046,'霍营',0),(212,105046,'小汤山',0),(213,105046,'昌平县城',0),(214,105046,'沙河',0),(215,105046,'立水桥',0),(216,105046,'回龙观',0),(217,105046,'北七家',0),(218,105046,'八达岭高速',0),(219,105044,'西马庄',0),(220,105044,'乔庄',0),(221,105044,'新华大街',0),(222,105044,'八里桥市场',0),(223,105044,'北关',0),(224,105044,'武夷花园',0),(225,105044,'亦庄',0),(226,105044,'通州北苑',0),(227,105044,'潞苑南大街',0),(228,105044,'果园',0),(229,105044,'九棵树',0),(230,105044,'永顺',0),(231,105044,'梨园',0),(232,105044,'马驹桥',0),(233,105051,'门头沟',0),(234,105045,'顺义',0),(235,105047,'密云',0),(236,105042,'房山',0),(237,105049,'延庆',0),(238,105048,'怀柔',0),(239,108193,'固安',0),(240,108193,'香河',0),(241,108193,'燕郊',0),(242,108193,'涿州',0),(243,105045,'后沙峪',0),(244,105045,'马坡乡',0),(245,105045,'顺义城',0),(246,105035,'四惠',0),(247,105050,'平谷',0),(248,105035,'酒仙桥',0),(249,105062,'大场镇',0),(250,105062,'大华',0),(251,105062,'共康',0),(252,105062,'共康通河',0),(253,105062,'顾村',0),(254,105062,'淞宝',0),(255,105062,'淞南高境',0),(256,105062,'杨行',0),(257,105069,'奉贤其他',0),(258,105069,'南桥',0),(260,105059,'虹口足球场',0),(261,105059,'江湾镇',0),(262,105059,'凉城',0),(263,105059,'曲阳',0),(264,105052,'黄浦滨江',0),(265,105052,'浦西滨江',0),(267,105063,'丰庄',0),(268,105063,'嘉定城区',0),(269,105063,'嘉定新城',0),(270,105063,'江桥',0),(271,105065,'金山',0),(272,105056,'江宁路',0),(274,105056,'曹家渡',0),(275,105056,'江宁路',0),(276,105053,'打浦桥',0),(277,105053,'淮海中路',0),(278,105053,'新天地',0),(279,105061,'春申',0),(280,105061,'古美罗阳',0),(281,105061,'华漕',0),(282,105061,'金虹桥',0),(283,105061,'老闵行',0),(284,105061,'南方商城',0),(285,105061,'浦江',0),(286,105061,'莘庄',0),(287,105061,'吴泾',0),(288,105064,'八佰伴',0),(289,105064,'碧云',0),(290,105064,'川沙',0),(291,105064,'高桥',0),(292,105064,'惠南',0),(293,105064,'金桥',0),(294,105064,'康桥',0),(295,105064,'临港新城',0),(296,105064,'三林',0),(297,105064,'世博',0),(298,105064,'世纪公园',0),(299,105064,'塘桥',0),(300,105064,'外高桥',0),(301,105064,'源深洋泾',0),(302,105064,'周康',0),(303,105057,'曹杨',0),(304,105057,'甘泉宜川',0),(305,105057,'桃浦',0),(306,105057,'万里',0),(307,105057,'武宁',0),(308,105057,'长风',0),(309,105057,'长风生态商务区',0),(310,105057,'长征',0),(311,105067,'青浦其他',0),(312,105067,'青浦新城',0),(313,105067,'徐泾',0),(314,105071,'昆山',0),(315,105066,'九亭',0),(316,105066,'泗泾',0),(317,105066,'松江城区',0),(318,105054,'龙华',0),(319,105054,'南站',0),(320,105054,'田林',0),(321,105054,'万体馆',0),(322,105054,'中山公园',0),(323,105060,'鞍山',0),(324,105060,'黄兴公园',0),(325,105060,'淞南高境',0),(326,105060,'周家嘴路',0),(327,105058,'不夜城',0),(328,105058,'大宁',0),(329,105058,'彭浦',0),(330,105055,'古北',0),(331,105055,'天山',0),(332,105055,'新华路',0),(333,105061,'虹桥开发区商圈',0);

/*Table structure for table `city` */

DROP TABLE IF EXISTS `city`;

CREATE TABLE `city` (
  `city_id` int(11) NOT NULL DEFAULT '0' COMMENT '自动增长',
  `city_name` varchar(20) NOT NULL COMMENT '城市全称',
  `short_name` varchar(15) NOT NULL COMMENT '城市简称',
  `pinyin` varchar(50) NOT NULL COMMENT '城市拼音全称',
  `standard_code` varchar(6) NOT NULL,
  `domain` varchar(50) NOT NULL COMMENT '城市二级域名，例如bj。默认与城市拼音全拼一致',
  `domain_alias` varchar(50) DEFAULT NULL COMMENT '可选的城市二级域名，例如beijing',
  `database_name` varchar(50) NOT NULL COMMENT '数据库名称',
  `province_id` int(11) NOT NULL COMMENT '城市所属省份',
  `script_index` int(11) NOT NULL COMMENT '配置文件中的数组下标',
  `display_order` int(11) NOT NULL COMMENT '显示顺序',
  `province_script_index` int(11) NOT NULL COMMENT '省里的display_order',
  `google_analytics_code` varchar(15) NOT NULL COMMENT 'google分析代码',
  `created_by` int(11) NOT NULL COMMENT '添加人用户Id',
  `created_by_name` varchar(20) NOT NULL COMMENT '添加人用户姓名',
  `created_time` int(11) unsigned NOT NULL COMMENT '添加时间',
  `modified_by` int(11) DEFAULT NULL COMMENT '最后修改人用户Id',
  `modified_by_name` varchar(20) DEFAULT NULL COMMENT '最后修改人用户姓名',
  `modified_time` int(11) unsigned DEFAULT NULL COMMENT '最后修改时间',
  PRIMARY KEY (`city_id`),
  UNIQUE KEY `city_name` (`city_name`),
  UNIQUE KEY `pinyin` (`pinyin`),
  UNIQUE KEY `domain` (`domain`)
) ENGINE=InnoDB DEFAULT CHARSET=utf8 COMMENT='城市';

/*Data for the table `city` */

insert  into `city`(`city_id`,`city_name`,`short_name`,`pinyin`,`standard_code`,`domain`,`domain_alias`,`database_name`,`province_id`,`script_index`,`display_order`,`province_script_index`,`google_analytics_code`,`created_by`,`created_by_name`,`created_time`,`modified_by`,`modified_by_name`,`modified_time`) values (12,'北京市','北京','beijing','110000','bj','','beijing',1,0,0,0,'UA-479320-2',1,'admin',1429770774,1,'admin',1429770774),(13,'上海市','上海','shanghai','310000','sh','','shanghai',2,0,0,1,'UA-479320-3',1,'admin',1429770774,1,'admin',1429770774);

/*Table structure for table `district` */

DROP TABLE IF EXISTS `district`;

CREATE TABLE `district` (
  `district_id` int(11) NOT NULL AUTO_INCREMENT COMMENT '自动增长',
  `district_name` varchar(20) NOT NULL COMMENT '行政区全称',
  `short_name` varchar(15) NOT NULL COMMENT '行政区简称',
  `pinyin` varchar(50) NOT NULL COMMENT '行政区拼音全拼',
  `location` varchar(50) DEFAULT NULL COMMENT '地标中心的经纬度',
  `city_id` int(11) NOT NULL COMMENT '行政区所属城市',
  `display_order` int(10) NOT NULL COMMENT '显示顺序',
  `created_by` int(11) NOT NULL COMMENT '添加人用户Id',
  `created_by_name` varchar(20) NOT NULL COMMENT '添加人用户姓名',
  `created_time` int(11) unsigned NOT NULL COMMENT '添加时间',
  `modified_by` int(11) DEFAULT NULL COMMENT '最后修改人用户Id',
  `modified_by_name` varchar(20) DEFAULT NULL COMMENT '最后修改人用户姓名',
  `modified_time` int(11) unsigned DEFAULT NULL COMMENT '最后修改时间',
  PRIMARY KEY (`district_id`),
  UNIQUE KEY `district_name` (`city_id`,`district_name`),
  UNIQUE KEY `pinyin` (`city_id`,`pinyin`)
) ENGINE=InnoDB AUTO_INCREMENT=108194 DEFAULT CHARSET=utf8 COMMENT='区域';

/*Data for the table `district` */

insert  into `district`(`district_id`,`district_name`,`short_name`,`pinyin`,`location`,`city_id`,`display_order`,`created_by`,`created_by_name`,`created_time`,`modified_by`,`modified_by_name`,`modified_time`) values (105034,'海淀','海淀','haidian','b116.31035775162,39.963477697991',12,1,1,'admin',1428422400,1,'admin',1428422400),(105035,'朝阳','朝阳','chaoyang','b116.4500837025,39.927533915375',12,0,1,'admin',1428422400,1,'admin',1428422400),(105036,'东城','东城','dongcheng','b116.42273855844,39.934822619936',12,3,1,'admin',1428422400,1,'admin',1428422400),(105037,'西城','西城','xicheng','b116.37286212996,39.918546724152',12,2,1,'admin',1428422400,1,'admin',1428422400),(105040,'丰台','丰台','fengtai','b116.2926573859,39.864860664573',12,6,1,'admin',1428422400,1,'admin',1428422400),(105041,'石景山','石景山','shijingshan','b116.20544598602,39.921532512728',12,9,1,'admin',1428422400,1,'admin',1428422400),(105042,'房山','房山','fangshan','b116.14911040852,39.754177928564',12,11,1,'admin',1428422400,1,'admin',1428422400),(105043,'大兴','大兴','daxing','b116.33844326734,39.742874592395',12,8,1,'admin',1428422400,1,'admin',1428422400),(105044,'通州','通州','tongzhou','b116.66344230062,39.916240615185',12,10,1,'admin',1428422400,1,'admin',1428422400),(105045,'顺义','顺义','shunyi','b116.66172544792,40.136509720807',12,12,1,'admin',1428422400,1,'admin',1428422400),(105046,'昌平','昌平','changping','b116.23554939678,40.226327467753',12,7,1,'admin',1428422400,1,'admin',1428422400),(105047,'密云','密云','miyun','b116.84952614704,40.382201270687',12,13,1,'admin',1428422400,1,'admin',1428422400),(105048,'怀柔','怀柔','huairou','b116.63841471318,40.32253557572',12,16,1,'admin',1428422400,1,'admin',1428422400),(105049,'延庆','延庆','yanqing','b115.98159964988,40.462340128773',12,15,1,'admin',1428422400,1,'admin',1428422400),(105050,'平谷','平谷','pinggu','b117.12749307598,40.147063523599',12,14,1,'admin',1428422400,1,'admin',1428422400),(105051,'门头沟','门头沟','mentougou','b116.1082951451,39.945991485889',12,18,1,'admin',1428422400,1,'admin',1428422400),(105052,'黄浦区','黄浦','huangpu','b121.49100249964,31.237457210335',13,10,1,'admin',1428422400,1,'admin',1428422400),(105053,'卢湾区','卢湾','luwan','b121.47332902667,31.2237882099',13,70,1,'admin',1428422400,1,'admin',1428422400),(105054,'徐汇区','徐汇','xuhui','b121.44284539728,31.192758783873',13,30,1,'admin',1428422400,1,'admin',1428422400),(105055,'长宁区','长宁','changning','b121.43113188801,31.22670659927',13,40,1,'admin',1428422400,1,'admin',1428422400),(105056,'静安区','静安','jingan','b121.45398679964,31.234222163095',13,60,1,'admin',1428422400,1,'admin',1428422400),(105057,'普陀区','普陀','putuo','b121.4029593724,31.255321450368',13,90,1,'admin',1428422400,1,'admin',1428422400),(105058,'闸北区','闸北','zhabei','b121.4658234819,31.253381741226',13,50,1,'admin',1428422400,1,'admin',1428422400),(105059,'虹口区','虹口','hongkou','b121.51167396459,31.270145180644',13,80,1,'admin',1428422400,1,'admin',1428422400),(105060,'杨浦区','杨浦','yangpu','b121.53221914156,31.265725621178',13,160,1,'admin',1428422400,1,'admin',1428422400),(105061,'闵行区','闵行','minhang','b121.38818916288,31.11859500243',13,100,1,'admin',1428422400,1,'admin',1428422400),(105062,'宝山区','宝山','baoshan','b121.49617881075,31.411154212975',13,140,1,'admin',1428422400,1,'admin',1428422400),(105063,'嘉定区','嘉定','jiading','b121.27145464985,31.380091348289',13,120,1,'admin',1428422400,1,'admin',1428422400),(105064,'浦东','浦东','pudongxinqu','b121.55067621283,31.231191908789',13,20,1,'admin',1428422400,1,'admin',1428422400),(105065,'金山区','金山','jinshan','b121.34828432682,30.748120933696',13,180,1,'admin',1428422400,1,'admin',1428422400),(105066,'松江区','松江','songjiang','b121.23533473192,31.038370859093',13,170,1,'admin',1428422400,1,'admin',1428422400),(105067,'青浦区','青浦','qingpu','b121.11859651467,31.16248431699',13,190,1,'admin',1428422400,1,'admin',1428422400),(105068,'南汇区','南汇','nanhui','b121.76439493025,31.055398180599',13,110,1,'admin',1428422400,1,'admin',1428422400),(105069,'奉贤区','奉贤','fengxian','b121.48071428231,30.924461245333',13,130,1,'admin',1428422400,1,'admin',1428422400),(105070,'崇明县','崇明','chongming','b121.40393640156,31.628566763654',13,150,1,'admin',1428422400,1,'admin',1428422400),(105071,'上海周边','上海周边','shanghaizhoubian','',13,200,1,'admin',1428422400,1,'admin',1428422400),(108093,'燕郊','燕郊','yanjiao','b116.82629396754,39.951385192845',12,17,1,'admin',1428422400,1,'admin',1428422400),(108193,'北京周边','北京周边','beijingzhoubian','',12,1000,1,'admin',1428422400,1,'admin',1428422400);

/*Table structure for table `office` */

DROP TABLE IF EXISTS `office`;

CREATE TABLE `office` (
  `Id` int(11) NOT NULL AUTO_INCREMENT COMMENT '房产标识',
  `name` varchar(200) NOT NULL DEFAULT '' COMMENT '楼盘名称',
  `name_en` varchar(200) NOT NULL DEFAULT '' COMMENT '楼盘英文名称',
  `name_sp` varchar(200) NOT NULL DEFAULT '' COMMENT 'spell name 大楼名称拼音（全拼）',
  `name_fl` varchar(50) NOT NULL DEFAULT '' COMMENT 'first letter name 大楼首字母名称',
  `status` int(4) NOT NULL DEFAULT '0' COMMENT '0未发布，1已发布，2全部',
  `publish_date` int(11) NOT NULL DEFAULT '0' COMMENT '大楼发布时间',
  `lockflag` int(11) NOT NULL DEFAULT '0' COMMENT '锁盘标识0未锁,1锁',
  `lockflag_at` int(11) NOT NULL DEFAULT '0' COMMENT '锁盘时间',
  `allow_to_create_house` int(11) NOT NULL DEFAULT '0' COMMENT '是否是大客户部的。 默认 0 不是，允许录入 1 不允许',
  `img_count` int(11) NOT NULL DEFAULT '0' COMMENT '图片数量(触发器更改)',
  `priority` int(11) NOT NULL DEFAULT '0' COMMENT '0不优先  1优先。暂时没用',
  `hot` int(11) NOT NULL DEFAULT '0' COMMENT '热度.暂时没用',
  `city_id` int(11) NOT NULL DEFAULT '0' COMMENT '城市id',
  `city_name` varchar(50) NOT NULL DEFAULT '' COMMENT '城市名',
  `circle_id` int(11) NOT NULL DEFAULT '0' COMMENT '商圈id',
  `circle_name` varchar(200) NOT NULL DEFAULT '' COMMENT '商圈',
  `district_id` int(11) NOT NULL DEFAULT '0' COMMENT '区域id',
  `district_name` varchar(200) NOT NULL DEFAULT '' COMMENT '区域名称',
  `address` varchar(1000) NOT NULL DEFAULT '' COMMENT '详细地址',
  `map_x` decimal(14,8) NOT NULL DEFAULT '0.00000000' COMMENT '东经',
  `map_y` decimal(14,8) NOT NULL DEFAULT '0.00000000' COMMENT '北纬',
  `create_id` int(11) NOT NULL DEFAULT '0' COMMENT '创建人id',
  `create_name` varchar(50) NOT NULL DEFAULT '' COMMENT '创建人',
  `create_at` int(11) NOT NULL DEFAULT '0' COMMENT '创建时间',
  `modify_id` int(11) NOT NULL DEFAULT '0' COMMENT '修改人',
  `modify_name` varchar(50) NOT NULL DEFAULT '' COMMENT '修改人姓名',
  `modify_at` int(11) NOT NULL DEFAULT '0' COMMENT '修改时间',
  `accendant_id` int(11) NOT NULL DEFAULT '0' COMMENT '所属人',
  `accendant_name` varchar(50) NOT NULL DEFAULT '' COMMENT '所属人',
  `management_type` varchar(100) NOT NULL DEFAULT '' COMMENT '物业类型',
  `management_level` varchar(10) NOT NULL DEFAULT '' COMMENT '物业等级',
  `management_company` varchar(100) NOT NULL DEFAULT '' COMMENT '物业管理公司',
  `management_money` decimal(10,2) NOT NULL DEFAULT '0.00' COMMENT '物业管理费,每平米',
  `investor_type` int(11) NOT NULL DEFAULT '0' COMMENT '0，1大业主， 2小业主， 3大业主+小业主',
  `investor` varchar(100) NOT NULL DEFAULT '' COMMENT '业主名称，可以是公司名',
  `investor_contact` varchar(50) NOT NULL DEFAULT '' COMMENT '业主代表，是指定人',
  `investor_contactphone` varchar(50) NOT NULL DEFAULT '' COMMENT '业主代表电话',
  `investor_Job` varchar(50) NOT NULL DEFAULT '' COMMENT '业主代表职位',
  `developer_company` varchar(100) NOT NULL DEFAULT '' COMMENT '开发商',
  `agent_company` varchar(100) NOT NULL DEFAULT '' COMMENT '代理商',
  `tel` varchar(50) NOT NULL DEFAULT '' COMMENT '租售热线',
  `design_company` varchar(100) NOT NULL DEFAULT '' COMMENT '设计单位',
  `construction_company` varchar(100) NOT NULL DEFAULT '' COMMENT '施工单位',
  `time_of_completion` int(11) NOT NULL DEFAULT '0' COMMENT '竣工时间,unixtime',
  `standard_height` decimal(10,2) NOT NULL DEFAULT '0.00' COMMENT '标准层高',
  `land_areasize` decimal(10,2) NOT NULL DEFAULT '0.00' COMMENT '占地面积,平方米',
  `total_areasize` decimal(10,2) NOT NULL DEFAULT '0.00' COMMENT '总面积，平方米',
  `building_height` decimal(10,2) NOT NULL DEFAULT '0.00' COMMENT '大楼高度,米',
  `floor_areasize` decimal(10,2) NOT NULL DEFAULT '0.00' COMMENT '标准层面积，平方米',
  `construction_ratio` float(7,2) NOT NULL DEFAULT '0.00' COMMENT '得房率,百分比',
  `groundfloor` int(11) NOT NULL DEFAULT '0' COMMENT '地上楼层数',
  `undergroundfloor` int(11) NOT NULL DEFAULT '0' COMMENT '地下楼层数',
  `plot_ratio` decimal(10,2) NOT NULL DEFAULT '0.00' COMMENT '容积率,百分比',
  `floor_height` decimal(10,2) NOT NULL DEFAULT '0.00' COMMENT '净层高，米',
  `price` decimal(50,2) NOT NULL DEFAULT '0.00' COMMENT '均价',
  `remainder_area` decimal(10,2) NOT NULL DEFAULT '0.00' COMMENT '可租售面积',
  `description` text NOT NULL COMMENT '特色描述',
  `artremark` varchar(35) NOT NULL DEFAULT '' COMMENT '艺术描述',
  `customcatagory1` int(11) NOT NULL DEFAULT '0' COMMENT '入住行业1',
  `customcatagory2` int(11) NOT NULL DEFAULT '0' COMMENT '入住行业2',
  `customcatagory3` int(11) NOT NULL DEFAULT '0' COMMENT '入住行业3',
  `greening_ratio` decimal(10,2) NOT NULL DEFAULT '0.00' COMMENT '绿化率，百分比',
  `parking_count` int(11) NOT NULL DEFAULT '0' COMMENT '停车位，个',
  `parking_fees` decimal(10,2) NOT NULL DEFAULT '0.00' COMMENT '停车费用，元',
  `lift_brand` varchar(1000) NOT NULL DEFAULT '' COMMENT '电梯品牌',
  `lift_partition` varchar(100) NOT NULL DEFAULT '' COMMENT '电梯分区',
  `lift_count` varchar(1000) NOT NULL DEFAULT '' COMMENT '电梯数量',
  `goodsliftcount` varchar(100) NOT NULL DEFAULT '' COMMENT '货梯数',
  `airconditioner_brand` varchar(1000) NOT NULL DEFAULT '' COMMENT '空调品牌',
  `airconditioner_count` varchar(1000) NOT NULL DEFAULT '' COMMENT '空调数量',
  `airconditioner_open` varchar(1000) NOT NULL DEFAULT '' COMMENT '空调开放时间',
  `airconditioner_system` varchar(100) NOT NULL DEFAULT '' COMMENT '空调系统',
  `airconditioner_overtimebill` varchar(1000) NOT NULL DEFAULT '' COMMENT '加时空调费用',
  `lobbyheight` varchar(1000) NOT NULL DEFAULT '' COMMENT '大堂挑高',
  `phonebill` varchar(1000) NOT NULL DEFAULT '' COMMENT '电话费用',
  `bathroom` varchar(1000) NOT NULL DEFAULT '' COMMENT '卫生间',
  `outerWall` varchar(1000) NOT NULL DEFAULT '' COMMENT '外墙',
  `porch` varchar(1000) NOT NULL DEFAULT '' COMMENT '公共走道',
  `netsystem` varchar(1000) NOT NULL DEFAULT '' COMMENT '网络通讯系统',
  `aeration_system` varchar(1000) NOT NULL DEFAULT '' COMMENT '新风系统',
  `satellite` varchar(1000) NOT NULL DEFAULT '' COMMENT '卫星电视',
  `vent` varchar(1000) NOT NULL DEFAULT '' COMMENT '换气窗',
  `smartdevices` varchar(1000) NOT NULL DEFAULT '' COMMENT '智能设备',
  `modify_actionid` varchar(100) NOT NULL DEFAULT '' COMMENT '业务动作标识',
  `isfull` int(11) NOT NULL DEFAULT '0' COMMENT '是否满租，1在租，2满租，0未知',
  `lock_checked` int(11) NOT NULL DEFAULT '0' COMMENT '是否已核实锁盘信息，1是，0否,2核实不通过',
  `house_count` int(11) NOT NULL DEFAULT '0' COMMENT '房源数量',
  `deliver_date` int(11) NOT NULL DEFAULT '0' COMMENT '大楼交付日期',
  `lock_checked_id` int(11) NOT NULL DEFAULT '0' COMMENT '锁盘核实人id',
  `lock_checked_at` int(11) NOT NULL DEFAULT '0' COMMENT '锁盘核实时间',
  `isfull_checked_id` int(11) NOT NULL DEFAULT '0' COMMENT '是否满租核实人id',
  `isfull_checked_at` int(11) NOT NULL DEFAULT '0' COMMENT '是否满租核实时间',
  `kongpan_number` int(11) NOT NULL DEFAULT '0' COMMENT '控盘数',
  `lock_number` int(11) NOT NULL DEFAULT '0' COMMENT '锁盘数',
  `lock_checked_name` varchar(50) NOT NULL DEFAULT '' COMMENT '锁盘核实人姓名',
  `isfull_checked_name` varchar(50) NOT NULL DEFAULT '' COMMENT '是否满租核实人姓名',
  `first_floor_height` decimal(10,2) NOT NULL DEFAULT '0.00' COMMENT '首层层高，米',
  `developer_introduction` text NOT NULL COMMENT '开发商介绍',
  PRIMARY KEY (`Id`)
) ENGINE=InnoDB AUTO_INCREMENT=200279 DEFAULT CHARSET=utf8;

/*Data for the table `office` */

insert  into `office`(`Id`,`name`,`name_en`,`name_sp`,`name_fl`,`status`,`publish_date`,`lockflag`,`lockflag_at`,`allow_to_create_house`,`img_count`,`priority`,`hot`,`city_id`,`city_name`,`circle_id`,`circle_name`,`district_id`,`district_name`,`address`,`map_x`,`map_y`,`create_id`,`create_name`,`create_at`,`modify_id`,`modify_name`,`modify_at`,`accendant_id`,`accendant_name`,`management_type`,`management_level`,`management_company`,`management_money`,`investor_type`,`investor`,`investor_contact`,`investor_contactphone`,`investor_Job`,`developer_company`,`agent_company`,`tel`,`design_company`,`construction_company`,`time_of_completion`,`standard_height`,`land_areasize`,`total_areasize`,`building_height`,`floor_areasize`,`construction_ratio`,`groundfloor`,`undergroundfloor`,`plot_ratio`,`floor_height`,`price`,`remainder_area`,`description`,`artremark`,`customcatagory1`,`customcatagory2`,`customcatagory3`,`greening_ratio`,`parking_count`,`parking_fees`,`lift_brand`,`lift_partition`,`lift_count`,`goodsliftcount`,`airconditioner_brand`,`airconditioner_count`,`airconditioner_open`,`airconditioner_system`,`airconditioner_overtimebill`,`lobbyheight`,`phonebill`,`bathroom`,`outerWall`,`porch`,`netsystem`,`aeration_system`,`satellite`,`vent`,`smartdevices`,`modify_actionid`,`isfull`,`lock_checked`,`house_count`,`deliver_date`,`lock_checked_id`,`lock_checked_at`,`isfull_checked_id`,`isfull_checked_at`,`kongpan_number`,`lock_number`,`lock_checked_name`,`isfull_checked_name`,`first_floor_height`,`developer_introduction`) values (76,'嘉亭大厦','j Tower','jiatingdasha','JTDS',1,1429061245,1,0,0,7,0,0,13,'上海',44,'安亭',105063,'嘉定区','上海市嘉定区墨玉南路1033号','121.16921100','31.29341200',19776,'应艺青',1429061245,19806,'姜忠超',1444803085,19776,'应艺青','2','甲级','CBRE','14.00',3,'贝莱德集团','','','','崇邦房地产发展有限公司、上海国际汽车城新安亭联合发展有限公司','旭璞资产管理（上海）有限公司','69502255','','',1338480000,'0.00','1500.00','15210.00','60.00','1523.11',76.00,12,2,'0.00','3.50','3.50','9319.71','安亭区域内最高品质写字楼，商业配套成熟','多元化商业设施的高效办公环境',0,0,0,'0.00',813,'1400.00','迅达	','无','5','','日立	','','公共区域 9：00-18：00','分体式空调','无','5米','无','','低反射（LOW E）双层中空玻璃	','天花吊顶采用Armstrong矿棉板配照明装置，墙饰面为石英壁布刷高级乳胶漆，地面为高级玻化砖','电信、联通两家运营商提供通信光纤，入楼层弱电间，分单元入户','无','无','有','','',0,0,0,0,0,0,0,0,32,372,'','','0.00',''),(77,'建工汇豪商务广场','SCG HUIHAO PLAZA	','jiangonghuihaoshangwuguangchang','JGHHSWGC',1,1429077542,1,1458890246,0,10,0,200,13,'上海',3,'徐家汇',105054,'徐汇区','上海市吴中路51号	','121.42309100','31.19330900',19776,'应艺青',1429077542,20791,'王文奎',1460356135,19776,'应艺青','办公楼','甲级','振新物业		','25.90',1,'上海建工房产有限公司		','','','','上海达豪置业有限公司		','上海策源地产		','33686868','上海市建工设计院有限公司	','上海建工四建集团	',1417622400,'0.00','24098.00','86173.82','60.00','1914.04',70.00,14,2,'0.00','2.80','4.50','2915.59','项目基地位于徐汇区吴中路51号，为徐汇区西侧与闵行区交界处，基地北临吴中路、东临古井路，由上海建工房产有限公司开发。主要功能包括：办公、会议、休闲、棋牌等。','建工集团首个高端商业项目',0,0,0,'30.00',494,'1200.00','三菱	','无','7','','美国约克','','周一至周五8：00－20：00	','集中式中央空调','整层480元/小时	','9米','有 100mm','','玻璃幕墙加石材	','金属板吊顶，地毯，部分木质墙面','光纤到户，电信、移动、网通均可开通','有','无','有','5A标准','@DF9A0RYDP1W1J666E7W488QP28N5JLZAK00JQKQ85XQT03EU28_house_lurufangyuan',0,0,4,0,0,0,0,0,30,84,'','','0.00',''),(78,'中信广场','CITIC PLAZA','zhongxinguangchang','ZXGC',1,1429079948,1,0,0,5,0,200,13,'上海',0,'四川北路',0,'虹口区','虹口四川北路859号 ','121.49039400','31.25382300',19776,'应艺青',1429079948,20037,'杨灿杉',1460516188,19776,'应艺青','2','甲级','上海海泰物业管理有限公司','36.00',1,'上海海泰房地产（集团）有限公司		','','','','上海信虹房地产有限公司		','','62335557','','',-28800,'0.00','10131.00','143195.00','228.00','2600.00',70.00,55,3,'0.00','3.00','9.00','24693.43','中信广场位于四川北路与海宁路的交汇处，地处北外滩中心，远眺四下，黄浦江，浦东陆家嘴金融建筑群，外滩万国建筑群，苏州河畔等绝版珍稀风景尽收眼底，地理位置得天独厚。大厦高228米，雄踞北外滩新地标，大厦外立面采用中空玻璃幕墙装饰，简洁流畅，独特晶鳞状立面设计，独树一帜，主体采用U型无柱设计，极大提高空间利用率，净高3.1米，增强了办公空间的舒适度，单层面积为2300-2600平方米，可弹性分割，配套设施先进，品质卓越。','北外滩新地标，品质卓越',0,0,0,'0.00',400,'1800.00','三菱	','有','20','','开利	','','8:00-18:00	','集中式中央空调','按每小时每单元收费','15米','','','Low-E中空玻璃幕墙	','精装','电信、联通、长城、移动	','有','无','无','','@569B5272080OYAFG3BX9CW7QL5JR790H67MV18YF8LO94B2BIC_house_lurufangyuan',0,0,8,0,0,0,0,0,37,336,'','','0.00',''),(80,'环智国际大厦','Greentech Tower','huanzhiguojidasha','HZGJDS',1,1429083037,1,0,0,5,1,0,13,'上海',327,'不夜城',105058,'闸北区','恒丰路147号','121.46087600','31.25045400',19777,'徐文意',1429083037,19806,'姜忠超',1456131404,19777,'徐文意','2','甲级','第一太平戴维斯','28.00',1,'恒基兆业集团','','','','香港恒兆基业地产','/','23136004','/','/',1293811200,'0.00','5000.00','45000.00','128.00','1440.00',72.00,29,2,'0.00','2.70','6.80','947.00','环智大厦地处天目西路与恒丰路交界处，属于极具潜力的恒丰路商务区，毗邻闸北地标写字楼洲际中心，有港资开发商恒基兆业集团倾力打造。','极具潜力的恒丰路商务区，恒基兆业集团倾力打造',0,0,0,'0.00',200,'1500.00','蒂森克虏伯','有','8客+2货','','约克','','8:00-18:30','集中式中央空调','0.6元/㎡/小时','6m','15cm','TOTO','玻璃幕墙','架空地板，矿棉板吊顶','/','无','无','无','5A','@6S4GG33NKQ4F4O286369Z24LF632N0Z99K64G8F41S4039B64A_ignore',0,0,0,0,0,0,0,0,3,88,'','','0.00',''),(81,'恒汇国际大厦','Centro','henghuiguojidasha','HHGJDS',1,1429085386,1,0,0,9,0,200,13,'上海',327,'不夜城',105058,'闸北','闸北恒丰路568号','121.45921700','31.25255700',19843,'贺京健',1441964098,19806,'姜忠超',1456131350,19891,'井潇泽','1','甲级','中海物业','27.00',1,'恒基兆业集团		','','','','恒基兆业房地产有限公司','','23136004','','',1262188800,'3.20','577300.00','48042.00','110.00','1712.00',68.00,29,2,'8.30','2.70','5.50','3819.00','恒基（中国）投资有限公司开发建设的恒基130项目结构封顶，恒汇国际大厦位于上海火车站，近天目西路恒丰路。由22层甲级办公楼以及3层购物商场与2层地库停车场所组成，可发展总楼面面积约40,000平方米。大厦的3楼为露天花园，为商户提供绿化的广阔空间。','不夜城板块地标',0,0,0,'0.00',186,'0.00','','','8.0','3.0','','','','','','','','','','','','','','','','',0,0,0,0,0,0,0,0,6,264,'','','0.00',''),(82,'恒基名人大厦','Henderson Metropolitan','hengjimingrendasha','HJMRDS',1,1429088164,1,0,0,8,0,200,13,'上海',8,'人民广场',105052,'黄浦区','南京东路300号','121.49083500','31.24376700',19777,'徐文意',1429088164,20770,'曹夏',1459310403,19777,'徐文意','办公楼','甲级','第一太平戴维斯','31.00',1,'恒基兆业集团','','','','恒基兆业集团','/','23136004','/','/',1262275200,'0.00','20000.00','80000.00','110.00','2737.00',70.00,22,4,'0.00','2.80','10.00','3861.79','恒基名人大厦地处南京路步行街、南京路与河南路交界处。外滩近在咫尺，四通八达的交通枢纽中心，二十分钟车程以内可连通全上海各繁旺的商业区。更有日本知名设计师Kenzo Tange担任大楼设计，在功能性基础上，更加重了大楼的整体美感。此外，建筑荣获了Beam and Leed国际建筑与环境最高奖项，得到国际设计环保认证。','国际建筑与环境最高奖项，国际设计环保认证',0,0,0,'0.00',0,'1800.00','OTIS','有','6客+3货','','开利','','8:30-19:00','集中式中央空调','0.5元/平方米/小时','10m','150mm','TOTO','玻璃幕墙','架空地板，矿棉板吊顶','','有','无','有','5A','@517U6PVW9H23DT3VC6YTV92SZINSFP4IF5Z1YEA7M5TQJUI3J3_office_updatedalou',0,0,4,0,0,0,0,0,13,170,'','','0.00',''),(83,'畅星大厦','Changxing Tower','changxingdasha','CXDS',1,1429088715,1,0,0,10,0,0,13,'上海',9,'张江',105064,'浦东','碧波路888号','121.59020800','31.20373400',19777,'徐文意',1429088715,21077,'袁周翔',1461224880,19777,'徐文意','2','甲级','上海畅星智能系统有限公司','24.00',1,'凯雷投资集团','','','','上海畅星置业有限公司','旭璞资产管理（上海）有限公司','60391867','/','/',1136044800,'0.00','0.00','27310.80','0.00','3300.00',70.00,5,1,'0.00','2.90','4.50','50.00','畅星大厦位于上海市张江高科技园区，地理位置优越，交通非常便利，配套设施齐全，装修现代。大厦配有专业的物业管理，可为企业提供一流的商务服务。畅星大厦房型得房率高，布局合理，灵活分割可满足各企业人性化的设计追求，是上海地区少有，性价比极高的写字楼。','上海地区少有，性价比极高的写字楼',0,0,0,'0.00',147,'300.00','OTIS','无','6+1','','','','8：30-19：00','集中式中央空调','300元/小时','5层','10-15CM','2套','','地毯/吊顶','','无','无','有','5A标准','@S0EZVG429W8B9IS9O9P60AXKQ38G928DAOZ4JC1B7G057IC9V0_office_suopan_dalouguizepeizhi',0,0,0,0,0,0,0,0,1,150,'','','0.00',''),(84,'恒基688广场','Henderson 688','hengji688guangchang','HJ6GC',1,1429090889,1,1461119197,0,7,0,200,13,'上海',1,'南京西路',105056,'静安区','南京西路688号','121.47107200','31.23761600',19777,'徐文意',1429090889,19806,'姜忠超',1461119197,19777,'徐文意','办公楼','甲级','第一太平戴维斯','38.00',1,'恒基兆业集团','','','','恒基兆业集团','JLL&CBRE','62710007','/','/',1388505600,'0.00','7100.00','84896.00','99.43','3367.00',71.00,24,3,'0.00','2.80','10.00','1204.69','作为恒基兆业的另一倾力之作，688广场位居南京西路一端，与位于经典繁华的南京东路一端的恒基名人商业大厦，东西相望，交相辉映，见证着恒基兆业地产集团在上海的开拓与发展。同样，688广场，以其卓越的品质，搭建企业成功的阶梯，必将见证入驻企业的辉煌业绩。','上海中心商圈的新贵',0,0,0,'0.00',382,'0.00','日立','有','15部客梯 2部货梯','','开利','','8:00-19：00','集中式中央空调','0.5元/㎡/小时','10m','145mm','TOTO','玻璃幕墙','','联通 电信 移动','无','无','无','5A','@KS28R4J11XEF03XS8W3QY8O6RBRNP0073T11X6L2B3V8457W7T_office_suopan',0,0,1,0,0,0,0,0,1,150,'','','0.00',''),(85,'中城国际大厦','Cura International Center','zhongchengguojidasha','ZCGJDS',1,1429091669,1,1458891458,0,15,0,0,13,'上海',3,'徐家汇',105054,'徐汇','徐汇虹桥路500号','121.43578500','31.19938100',19843,'贺京健',1441964097,20770,'曹夏',1459318576,19891,'井潇泽','办公楼','甲级','上海恒豪基业物业服务有限公司','30.00',1,'嘉凯城集团','','','','暂无资料','/','80132666','/','/',1396281600,'0.00','41730.00','42800.00','128.00','1330.00',0.00,32,2,'0.00','2.90','8.00','3221.00','中城国际大厦顶级设计公司倾力之作，Gensler代表作有迪拜帆船酒店、上海中心等。本项目外形犹如帆船一样，极具特色。9.1米挑高大堂，彰显大气。建有一卡通电梯门禁以及速通门，使大楼安全系数更高。提倡空调能耗的节约，大堂设有地暖系统，11部进口三菱高速智能电梯，平均等候电梯时间少于30秒，给客户高效迅捷的体验，办公单元内配有可拆卸金属吊顶，架空地板，节能反光照明系统，2.9米的净高，为客户节约装修成本，提供舒适的办公空间.','Gensler倾力之作',0,0,0,'0.00',188,'1500.00','三菱','有','8.0','3.0','约克','','8:30-18:30','集中式中央空调','','13m','10CM','德国唯宝洁具','玻璃幕墙','架空地板，金属格栅吊顶','','有','无','无','5A','@1U3MFQH4XQPJCO7YG8FW2B2357R62WU38PR2JU5427ZM75MSQ7_office_updatedalou',0,0,1,0,0,0,0,0,4,372,'','','0.00',''),(86,'上置金融大厦','SRE Finance Center','shangzhijinrongdasha','SZJRDS',1,1429092114,0,0,0,6,0,0,13,'上海',14,'打浦桥',105052,'黄浦区','打浦路15号','121.47764200','31.21043400',19777,'徐文意',1429092114,20770,'曹夏',1459310453,19777,'徐文意','办公楼','甲级','上海斯格威大酒店有限公司','32.00',1,'上海斯格威大酒店有限公司','','','','上置控股','/','63055750','/','/',1009814400,'0.00','0.00','94394.09','226.00','1528.00',65.00,52,2,'0.00','2.50','7.00','10704.10','上置金融大厦位于上海新黄浦区CBD中心区域——打浦路、徐家汇路口。将打造为市中心复合型超高层标志性建筑。项目业态丰富，是集五星级铂尔曼大酒店、五星级铂尔曼酒店式办公、娱乐休闲文化中心、企业领袖会所、高端餐饮等为一体的区域标志性商业综合体。','区域标志性商业综合体',0,0,0,'62.00',0,'1300.00','富士达','无','9','','','','7天24小时','集中式中央空调','无','15m','无','套内','玻璃幕墙','酒店风格','光纤','有','有','无','无','@7RK2Y8D64D5574QNVJ7I3Z0M671NA9FQ9JRX40R74UWK8FTTGW_office_updatedalou',0,0,0,0,0,0,0,0,0,0,'','','0.00',''),(87,'嘉里企业中心','Enterprise Center ','jialiqiyezhongxin','JLQYZX',1,1450167557,1,0,0,3,0,0,13,'上海',327,'不夜城',105058,'闸北区','上海市闸北区共和路228号','121.46426000','31.25031600',19778,'蒋大鹏',1429092616,21077,'袁周翔',1462258099,19778,'蒋大鹏','2','甲级','嘉里物业','25.00',3,'嘉里建设','','','','嘉里建设','/','63178822','/','/',1443628800,'0.00','15900.00','144000.00','100.00','1900.00',70.00,23,2,'0.00','2.90','7.00','3965.00','闸北嘉里企业中心（嘉里建设（上海）有限公司（香港独资）\r\n项目为一幢地上23层四星级酒店、两幢地上24层办公楼、单层地下停车场，可提供613个车位，一栋地上27层酒店，设有4层裙楼；主体为剪力墙结构，精装修。','交通便利，配套完善',0,0,0,'0.00',600,'1200.00','富士达','有','8客+1货','','约克','','8:30-19:00','集中式中央空调','0.5元/㎡/小时','10m','150mm','TOTO','Low-E中空玻璃幕墙','地毯，矿棉板吊顶 ','','无','无','无','5A','@5K5I390I6GV6V81X85D2V5G82Z62LICMDIW09TLT482TT4GS06_office_suopan_dalouguizepeizhi',0,0,0,0,0,0,0,0,3,96,'','','0.00',''),(88,'嘉里不夜城','Kerry Everbright City','jialibuyecheng','JLBYC',1,1429093305,1,0,0,11,1,0,13,'上海',327,'不夜城',105058,'闸北区','上海市闸北区天目西路218号','121.46320300','31.25136700',19778,'蒋大鹏',1429093305,19806,'姜忠超',1456131421,19778,'蒋大鹏','2','甲级','嘉里建设管理（上海）有限公司','25.00',1,'嘉里建设','','','','上海港沪房地产有限公司','/','63178001','/','/',883584000,'0.00','6000.00','140000.00','100.00','1600.00',68.00,38,2,'0.00','2.60','4.80','4070.12','嘉里不夜城广场位于天目西路，坐拥闸北不夜城繁华之地。信步可达轨道交通上海火车站站，毗邻南北高架，交通便达。大厦裙楼引进著名的太平洋百货，汇聚各式零售和餐饮。更毗邻43000平米大型生态绿地--不夜城绿地。项目随落成已逾十年，但内部装饰配套品质不俗，恢弘气派的大堂和高档的内部装修彰显气度和品位。','坐拥闸北不夜城繁华之地，恢弘气派',0,0,0,'0.00',270,'1200.00','富士达','有','9客梯+1货梯','','','','周一至周五，8:00-18：00，周六8:00-13:00','集中式中央空调','0.5元/㎡/小时','10m','150mm','TOTO','Low-E中空玻璃幕墙','地毯，矿棉板吊顶 ','','无','无','无','5A','',0,0,1,0,0,0,0,0,14,650,'','','0.00',''),(89,'国金中心','Shanghai International Finance Center','guojinzhongxin','GJZX',1,1429094042,0,0,0,5,0,0,13,'上海',6,'陆家嘴',105064,'浦东','世纪大道8号','121.50791700','31.24238000',19778,'蒋大鹏',1429094042,20770,'曹夏',1459412113,19778,'蒋大鹏','办公楼','甲级','仲量联行','40.00',1,'新鸿基地产','','','','新鸿基地产','/','61335588','/','/',1275321600,'0.00','25000.00','400000.00','250.00','2500.00',70.00,59,3,'0.00','3.05','17.00','40.00','上海国金中心由新鸿基地产集团投资开发，位于浦东陆家嘴金融贸易区世纪大道北首。项目由两幢办公大楼和国金中心商场组成。商场以国际一线奢侈品牌组成，尽显奢华。项目一期由上海浦东丽思卡尔顿酒店、汇丰银行中国总部及甲级写字楼三部份构成，国际著名建筑师西萨•佩里操刀设计。大楼办公设施现代，配以专业的物业管理团队，租赁单元一进入市场便被国际化公司青睐。','全球金融及服务机构设立地区总部的首选',0,0,0,'0.00',1900,'1800.00','OTIS','有','16客+4货','','开利','','8:30-19:00','集中式中央空调','0.8元/㎡/小时','10m','15CM','KOHLER','玻璃幕墙','架空地板，矿棉板吊顶','','有','有','有','5A','@XAMHGW037B09RC7622P7ALA105W93MK990EO7989G65990FE9S_office_updatedalou',0,0,0,0,0,0,0,0,0,0,'','','0.00',''),(90,'上海环贸广场ICC','Shanghai International Commerce Centre','shanghaihuanmaoguangchangicc','SHHMGCI',1,1429094443,0,0,0,6,0,0,13,'上海',3,'徐家汇',105054,'徐汇','淮海中路999号','121.46461500','31.22171400',19777,'徐文意',1429094443,19806,'姜忠超',1456128228,19777,'徐文意','1','甲级','第一太平戴维斯','40.00',1,'新鸿基地产','','','','新鸿基地产','/','23296850','/','/',1293811200,'0.00','130000.00','280000.00','148.00','2500.00',70.00,28,2,'0.00','2.80','12.00','3610.00','上海环贸广场位于上海繁盛的浦西淮海中路陕西南路路口，原址为非常有名的襄阳路市场。连接新建及在建的地铁站，为三条铁路干线的交汇点。该大厦由香港新鸿基开发，是一个集甲级写字楼、商业、高级公寓于一体的大型综合项目。\r\n项目由130 万平方的高级商场、两幢写字楼及两幢共64单位的豪宅组成，总楼面面积达350万平方呎。上海环贸广场以糅合上海优美城市特色及大都会活力为设计蓝本，在设计上取材上海历史名胜“石库门”的特色，并巧妙结合欧陆风情与现代气息，令项目生气盎然。项目广泛提供绿化空间及园艺天台等，让公众感受大自然的气息。\r\n项目更以上海新订立的节能目标为依归，在设计及施工方面全面考虑环保元素，包括在大厦外墙装置省电的LED 灯光系统、采用阻隔紫外线的高效能玻璃以节省电力，设置循环用水储水缸，于接连的地铁站提供大量单车泊位以鼓励少用汽车等，全方位贯彻环保理念。项目早前更获得美国绿色建筑商会颁发节能与环保设计（LEED）前期认证金级证书。','全方位贯彻环保理念，节能与环保设计认证',0,0,0,'0.00',700,'1800.00','迅达','有','16客+8货','','开利','','8:30-19:00','集中式中央空调','0.8元/㎡/小时','10m','10CM','KOHLER','双层中空玻璃幕墙','架空地板，矿棉板吊顶','','无','无','无','5A','@6S4GG33NKQ4F4O286369Z24LF632N0Z99K64G8F41S4039B64A_ignore',0,0,0,0,0,0,0,0,0,0,'','','0.00',''),(91,'洲际商务中心','BM Intercontinental Business Center','zhoujishangwuzhongxin','ZJSWZX',1,1429096801,0,0,0,7,0,200,13,'上海',327,'不夜城',105058,'闸北区','恒丰路500号','121.45991600','31.25069600',19777,'徐文意',1429096801,21008,'王珏玢',1459912468,19777,'徐文意','2','甲级','上海宝矿钻石物业有限公司','28.00',3,'耀达房产','','','','耀达房产','/','63095555','/','/',1230739200,'0.00','24830.00','200000.00','236.00','2034.00',72.00,55,5,'0.00','2.80','9.00','6640.25','洲际中心（BM PLAZA）位于恒丰路和天目西路以南的不夜城商务中心区域，占地面积24,830平方米，拥有一栋5A级智能纯办公楼，一栋五星级酒店，一栋公寓式酒店和大型地下停车库及相关商业设施配套的大型综合项目，项目总建筑面积达185,000平方米。其中，高度超过200米，50层的5A级智能办公楼将成为闸北区新地标，而五星级酒店的建造也将填补本市苏州河以北无五星级酒店的历史空白。','问鼎顶级商业群，再塑璀璨不夜城',0,0,0,'0.00',1000,'0.00','迅达','有','15客+2货','','约克','','8:00-19:00','集中式中央空调','0.8元/㎡/小时','15m','150mm','科勒','玻璃幕墙','矿棉板吊顶，架空地板','','有','无','无','','@O4ITLEFO8D119341752265342XBA5H2Q4165Q2V68IR9FPRU4B_house_lurufangyuan',0,0,4,0,0,0,0,0,0,0,'','','0.00',''),(92,'长泰广场','Chamtime Plaza','changtaiguangchang','CTGC',1,1429149809,1,0,0,5,0,0,13,'上海',9,'张江',105064,'浦东','金科路2278号','121.60791200','31.21078900',19776,'应艺青',1429149809,21077,'袁周翔',1461225091,19776,'应艺青','2','甲级','仲量联行','30.00',1,'长甲地产		','','','','长甲地产','','60128888','','',1388505600,'0.00','83000.00','320000.00','9.00','1500.00',70.00,12,2,'0.00','2.80','6.00','649.00','长泰国际广场位于张江高科园区祖冲之路金科路，32万平米的商务综合体，坐镇大浦东张江高科核心地段，全球高科技企业总部、高科技研发、金融、贸易、高端咨询类企业云集之地。集纳10万平米5A甲级写字楼，22万平方米世界级商业综合配套，融汇商务娱乐，让您在8小时紧张工作之外，优享精英生活。长泰广场以甲级商务地标无可匹敌的气势，主宰大浦东商务新势力，新的商务征程由此起航。','主宰大浦东商务新势力，新的商务征程由此起航',0,0,0,'0.00',1800,'0.00','OTIS	','无','5部（1、2、3号楼）；4部（4、5号楼）','','','','8：30-18：30	','集中式中央空调','','9米','有	','提供残疾人洗手间','高档进口石材加玻璃幕墙','网络地板及地毯，乳胶漆墙面','光纤入户，中国移动、中国联通、中国电信	','有','有','有','5A	','@3VGP8Q17091U97U4EGSFJ68X9O6SO26O2TIPTWE0S8H252830M_office_suopan_dalouguizepeizhi',0,0,1,0,0,0,0,0,12,714,'','','0.00',''),(93,'百丽国际广场','Belle International Plaza','bailiguojiguangchang','BLGJGC',1,1429152140,1,1458891519,0,15,0,0,13,'上海',3,'徐家汇',105054,'徐汇','徐汇柳州路928号（近中山西路）','121.42723700','31.19216400',19776,'应艺青',1429152140,20770,'曹夏',1459318855,19776,'应艺青','办公楼','甲级','上海丽程物业管理有限公司','28.00',1,'上海溯恒实业有限公司		','','','','上海中晶置业有限公司','','60919800-218','','',1262275200,'0.00','40878.00','45751.00','75.00','1800.00',70.00,18,2,'0.00','2.65','6.00','780.00','百丽国际广场为5A级甲级写字楼。距徐家汇、虹桥枢纽港5分钟车程。周边配套齐全，交通便捷，紧邻内环线，10多条公交线路四通八达，至轨道交通3、4、9号线宜山路站仅10分钟步行时间。项目地面建筑18层，1层为10米挑高大堂，2-18层为办公楼，自带三层裙房商业，停车位284个。采用人车分流动线设计。外立面采用了玻璃幕墙和高档石材相结合、强调竖向联系的立面形式处理手法，既富有现代感，同时彰显稳重与品位。多种智能化系统并用，提升项目品质。项目引入“乐活办公”理念，大量采用先进环保材料和技术。绿化率达30%，设有大面积屋顶花园和绿地广场。户型、及面积配比合理，单套办公面积约为116平米至352平米，大小适中，格局方正，易于分割。层高3.9米，增强办公环境的舒宜度。','乐活办公，彰显稳重与品位',0,0,0,'30.00',300,'1000.00','迅达	','有','4+2+1	','','麦克维尔	','','','集中式中央空调','','9米','有 100mm','','玻璃幕墙','','电信 移动 联通 三大','有','无','有','','@PGQTA5GHANVZ2K3R469DZ4428RTWEKD403SE4CC699381171H2_office_updatedalou',0,0,2,0,0,0,0,0,3,144,'','','0.00',''),(94,'宏汇国际广场','Hongwell Intertional Plaza	','honghuiguojiguangchang','HHGJGC',1,1429152810,1,1458891563,0,7,0,200,13,'上海',3,'徐家汇',105054,'徐汇','徐汇中山西路1538号','121.42844900','31.19321600',19776,'应艺青',1429152810,19806,'姜忠超',1458891563,19776,'应艺青','1','甲级','格瑞达物业管理公司','28.00',1,'台湾蓝天集团		','','','','上海鸿汇置业有限公司','/','60908018','/','/',1280592000,'0.00','0.00','94700.00','80.00','1680.00',70.00,20,3,'0.00','2.75','6.50','5724.00','双子星宏汇国际广场位于中山西路近吴中路，属于徐汇区。大楼是一幢现代化的5A甲级办公大楼，大堂挑高9米。楼层净高2.7米。带装修交房，80毫米的架空地板。整层面积1680平米左右，可分割组合。大楼备有充足停车位，数量有600余个。双子星将是中山西路上的标志性建筑。更有地铁3号4号9号线宜山路站及中山西路高架道路、地面十多条公交线路，出行方便。“宏汇置业”隶属国际知名IT企业“台湾蓝天集团”旗下，集团在大陆总投资规模逾百亿。重点投资方向包括IT制造工厂、百脑汇资讯广场、大厦写字楼、百货航母群光广场、国际超五星品牌连锁酒店、城市高端住宅开发等。此次“宏汇置业”实力聚合世界500强 “中国建筑”、金茂君悦酒店首席建筑设计公司“美国芝加哥GP”、知名景观公司“台湾禾泽”等国际大师级企业，联袂打造的“宏汇国际广场”。“宏汇国际广场”地处中山西路柳州路交界处，兼得徐家汇CBD与虹桥涉外CLD黄金地段之利，紧邻内环高架，举步即达轨道交通3、4、9、10、号线。项目由两栋20F的双子星建筑组成，底层及地下一层设置为塔楼商业配套，集高档餐饮、休闲、购物等城市生活形态于一体。同时设有国际化员工餐厅，更多知名商家热情加盟中……在配置上，代表国际高端标准的5A甲级智能配备，完美填补周边办公市场的空白。更有知名品牌环保装修材料、OA保温高架地板、国际品牌中央空调新风系统、TOTO卫洗丽品牌卫浴、东芝品牌高速电梯、天然石材配高档玻璃幕墙外观、上海办公楼罕有600多个停车位、1200多个自行车位等配置。','兼得徐家汇CBD与虹桥涉外CLD黄金地段辐射影响之利',0,0,0,'0.00',623,'800.00','Toshiba','有','（6+1）*2幢','','','','','集中式中央空调','','9米','有','','花岗岩加玻璃幕墙','1.6m','电信、联通、长城、铁通、移动、卫通','有','无','有','','',0,0,2,0,0,0,0,0,17,288,'','','0.00',''),(95,'腾飞莲花商务园','Ascendas Lotus Business Park','tengfeilianhuashangwuyuan','TFLHSWY',1,1429154570,1,0,0,10,0,0,13,'上海',9,'张江',105064,'浦东','张江高科纳贤路60号','121.61042100','31.18983400',19777,'徐文意',1429154570,21077,'袁周翔',1461225140,19777,'徐文意','办公楼','甲级','新加坡腾飞集团','25.00',1,'新加坡腾飞集团','','','','新加坡腾飞集团','/','58810163','/','/',1388505600,'0.00','0.00','71451.00','25.00','0.00',80.00,5,1,'0.00','2.80','3.80','71451.00','地处张江高科技园区中区核心地带，便利的高架和轨道交通通达市中心区域以及浦东国际机场。校园式设计的园区景观绿化宜人，高品质的办公设施适合企业总部、科技、软件、半导体和IT等行业入驻。','校园式设计，高品质的办公设施',0,0,0,'0.00',479,'500.00','','无','3+1','','','','','集中式中央空调','','无','无','每层一套','玻璃+铝板幕墙','','联通、移动、电信','有','无','有','','@25Y98ZKC5270T39VK76P69HH7EKN4S82Y7Z0RV6278U7XS011E_office_suopan_dalouguizepeizhi',0,0,5,0,0,0,0,0,0,85,'','','0.00',''),(96,'陆家嘴软件园','Lujiazui Software Park','lujiazuiruanjianyuan','LJZRJY',1,1429155312,1,0,0,7,0,0,13,'上海',13,'竹园商贸区',105064,'浦东','峨山路91弄98号','121.53866600','31.22345700',19843,'贺京健',1441964101,21077,'袁周翔',1461225766,19891,'井潇泽','办公楼','甲级','金家园物业管理有限公司','30.00',1,'陆家嘴软件产业发展有限公司','','','','陆家嘴股份公司','','33848640','','',-2035699557,'4.00','430000.00','550000.00','0.00','2000.00',80.00,0,0,'0.00','3.00','5.50','2093.00','陆家嘴软件园位于上海市峨山路91弄98号，浦东新区的中心位置，紧邻世纪大道、浦东新区行政文化中心和竹园商贸区。陆家嘴软件园成立于2001年9月29日，原为上海浦东软件园的分园之一，于2007年5月升级为“上海市软件产业基地”。\r\n周边分布着承源广场、永乐生活电器东方店、格力沪浦东、国美商场等大型购物商场，工行软件园支行、邮政储蓄银行浦东新区支行、邮政储蓄银行浦东新区支行等银行环绕四周，可以为入驻企业提供强大的资金支持。\r\n目前园区内已引进了欧特克中国研发中心、富士施乐研发中心、华为上海研究所、法国船级社中国总部、穴吹等知名软件开发、技术研发机构。','齐全配套设施，强大金融支持',0,0,0,'0.00',300,'500.00','永大','无','','','','','','半集中式中央空调','','4.5m','','','','','','无','无','无','','@7733R873C874Z7Y4QQH1WLL9BQD05QLCHQHSO6ADGX0500TN7G_office_suopan_dalouguizepeizhi',0,0,1,0,0,0,0,0,3,2274,'','','0.00',''),(97,'汤泉国际','62689858','tangquanguoji','TQGJ',1,1429161066,0,0,0,11,0,200,13,'上海',45,'虹桥',105055,'长宁区','通协路558号','121.35626600','31.23291600',19777,'徐文意',1429161066,19806,'姜忠超',1456131779,19777,'徐文意','3','甲级','紫泰物业 ','17.00',1,'宝路集团 ','','','','宝路集团 ','/','62689858','/','/',1385827200,'0.00','0.00','45319.09','31.00','1100.00',75.00,7,2,'0.00','2.80','3.80','5462.00','汤泉国际位于临空经济园区，与虹桥综合交通枢纽仅一路之隔，位于临空区集办公休闲，娱乐一应俱全的生活机能 汤泉国际园区配套齐全，环境优美，内有食堂和游泳池花园式办公楼 、美观高档 交通网络四通八达。','环境优美，美观高档',0,0,0,'40.00',272,'500.00','台湾崇永','无','3','','大金','','','半集中式中央空调','','7m','','','玻璃幕墙','','联通、移动、电信','无','无','有','','',0,0,9,0,0,0,0,0,0,0,'','','0.00',''),(98,'半岛科技园','Landseape Park','bandaokejiyuan','BDKJY',1,1429163212,0,0,0,10,0,0,13,'上海',9,'张江',105064,'浦东','上海浦东新区达尔文路88号(近高科中路)','121.59041500','31.19962400',19777,'徐文意',1429163212,19806,'姜忠超',1456125681,19777,'徐文意','3','乙级','新希望置业有限公司','12.00',1,'/','','','','新希望置业有限公司','/','51905900','/','/',1167580800,'0.00','42000.00','38000.00','0.00','400.00',80.00,6,0,'0.00','3.70','4.00','13312.00','张江半岛科技园位于达尔文路和高科中路的交界处，处于张江核心位置，紧靠罗山路、龙东大道、内环，驾车至中环和外环也十分的快捷。园区根据跨国公司总部的定位设计建造的，三面河流环抱，形成自然的半岛，园内规划布局是根据跨国总部的模式而设计的，在40000㎡的土地上，只建造了30000㎡的建筑，共有19栋1800-2200㎡的建筑，容积率仅0.8，绿化率达到了65%，建筑风格是花园式的别墅风格，极其奢华，极大的提升了企业形象。\r\n项目由19栋独立式商务科研办公楼构成，每栋5-6蹭，电梯一部，便于客户的自由组合和分割。半岛科技园将是符合现代商务办公需求的，真正“健康、生态、环保、高效”的办公产品。','健康、生态、环保、高效',0,0,0,'0.00',390,'750.00','三槐','','2','','','','','集中式中央空调','','','','','','','联通、移动、电信','无','无','无','','',0,0,0,0,0,0,0,0,0,0,'','','0.00',''),(99,'华鑫中心','chinafortune center','huaxinzhongxin','HXZX',1,1429163948,0,0,0,3,0,200,13,'上海',2,'漕河泾',105054,'徐汇','徐汇宜山路711号','121.42250400','31.17927700',19843,'贺京健',1441964097,21023,'洪敏',1460453624,19891,'井潇泽','1','甲级','第一太平戴维斯物业管理公司','27.00',1,'上海华鑫置业有限公司','','','','暂无资料','/','62580000','/','/',1401552000,'0.00','41791.00','175000.00','52.00','1200.00',70.00,19,2,'0.00','3.00','5.00','2158.00','华鑫中心—从徐汇漕河泾铂金版图上耀世而出：两栋17层5A甲级写字楼、两栋12层5A甲级研发楼，六栋4-5层企业独栋成就一座17万平方米花园商务总部园区，力邀国际顶尖团队，缔造国际一流商务标准。','徐汇漕河泾黄金版图，17万平方米花园商务总部园区',0,0,0,'45.00',800,'800.00','三菱','无','6部客梯+2部货梯','','大金','','9：00-18:00','集中式中央空调','','9m','有','玻化砖','玻璃幕墙+穿孔花铝板','玻化砖、地毯','','无','无','无','无','@4L779Z22QF6DY5B23O3YRUF5RW26802WW3G9Y6P4547UN2I17M_house_lurufangyuan',0,0,3,0,0,0,0,0,0,0,'','','0.00',''),(100,'未来资产大厦','Mirae Asset Tower','weilaizichandasha','WLZCDS',1,1429175652,1,0,0,10,0,200,13,'上海',6,'陆家嘴',105064,'浦东','浦东陆家嘴环路166号','121.50698000','31.24096500',19843,'贺京健',1441964101,21077,'袁周翔',1461225992,19891,'井潇泽','1','甲级','第一太平戴维斯','35.00',1,'未来资产','','','','上海民泰房地产有限公司','/','58406536','/','/',-2035699200,'4.00','1032100.00','85700.00','180.00','1800.00',70.00,31,3,'0.00','2.85','15.00','46.00','未来资产大厦位于小陆家嘴金融贸易区西侧，毗邻黄浦江畔，地段绝佳。项目由一幢31层高的纯办公楼和3层高的商业裙楼组成，美国KPF建筑设计事务所担当设计。大楼采用全玻璃幕墙，外形时尚，线条流畅。内部办公室配有宽敞通透的落地玻璃窗，可欣赏到浦江两岸的迷人景致。未来资产大厦完善的软硬件设施及地标性的建筑地位，吸引了无数国际精英企业入驻。','陆家嘴金融开发区内江畔的一颗夺目明珠',0,0,0,'0.00',29,'1800.00','OTIS','有','12.0','1.0','','','','集中式中央空调','','6m','有','每层1套','玻璃幕墙','地毯','电信、联通、长城、铁通、移动、卫通','有','有','无','','@VW35MW8Y0SYD9W976307FC94294R15SX6M471F671SLJ4AQ24R_office_suopan_dalouguizepeizhi',0,0,2,0,0,0,0,0,3,284,'','','0.00',''),(101,'淮海国际广场','Huahai Plaza','huaihaiguojiguangchang','HHGJGC',1,1429179225,1,0,0,7,1,200,13,'上海',277,'淮海中路',105053,'卢湾','卢湾淮海中路1045号','121.46299600','31.22154000',19777,'徐文意',1429179225,20308,'陆杰',1460425626,19777,'徐文意','办公楼','甲级','暂无资料','35.00',1,'/','','','','上海平安伦欣房地产发展有限公司','/','64335566','/','/',1143820800,'0.00','38808.00','73000.00','184.50','1400.00',0.00,45,0,'0.00','2.70','9.00','6575.64','淮海国际广场位于淮海中路1045号、淮海中路襄阳路口，靠近汾阳路，2006年建成入市，是2006年淮海中路上唯一供应的高标准国际甲级写字楼。淮海国际广场由中青旅集团（上海）和高申实业公司联合开发，为综合性物业，由一幢45层国际甲级写字楼、4层商业裙房和16层公寓式酒店组成。淮海国际广场标准层每层建筑面积约1400平方米，总建筑面积约73000平方米。','宏伟壮观，豪华气派',0,0,0,'0.00',285,'1800.00','三菱','有','客梯8部 货梯1部','','','','周一至周五8：00-19：00 星期六：8:00-13:00','集中式中央空调','350/小时','','有','每楼层1套','玻璃幕墙','地毯','电信 移动 联通 网通','有','无','无','','@5343J848C8T4L3UI215K4C155OT0070Q1055Y369S903N5N266_house_lurufangyuan',0,0,22,0,0,0,0,0,37,258,'','','0.00',''),(102,'创兴金融中心','CHONG HING FINANCE CENTER','chuangxingjinrongzhongxin','CXJRZX',1,1429182510,1,0,0,5,0,200,13,'上海',8,'人民广场',105052,'黄浦区','南京西路288号','121.47685600','31.23812300',19777,'徐文意',1429182510,20675,'任亚丽',1460617525,19777,'徐文意','办公楼','甲级','戴德梁行物业顾问（上海）有限公司','38.00',1,'黄浦廖创兴房地产有限公司','','','','黄浦廖创兴房地产有限公司','/','63591000','/','/',-28800,'0.00','5151.00','68330.00','174.40','1420.00',70.00,32,5,'0.00','3.00','9.50','6263.60','创兴金融中心位于南京西路和新昌路交界口，坐享人民广场商圈优越的商业，交通配套。毗邻人民公园，满眼绿意包围。办公空间层净高3米，使得整个空间更为通透舒适，配以架空地板、金属吊顶等高标准的交房让租户享受非同一般的舒适办公环境。','以前瞻理念提供极富弹性的空间',0,0,0,'0.00',197,'2000.00','三菱','有','客梯8部，货梯2部','','','','周一-五：8:30-19:00 星期六：8:30-13:00','集中式中央空调','','','有','每楼层各1套','双层中空玻璃单元式幕墙','地毯','电信 网通','有','无','无','','@SOUERV11M09C7N0693L380QWZ1R6W3CW03M13NWN4675LOG3G5_house_guanbifangyuan',0,0,4,0,0,0,0,0,16,290,'','','0.00',''),(103,'都市总部大楼','The Headquarters Building','dushizongbudalou','DSZBDL',1,1429188026,1,0,0,5,0,200,13,'上海',8,'人民广场',105052,'黄浦区','西藏中路168号','121.48409500','31.23699400',19777,'徐文意',1429188026,20675,'任亚丽',1459907472,19777,'徐文意','办公楼','甲级','第一太平戴维斯','32.00',1,'','','','','上海多福房地产发展公司','','63601688','','',1104508800,'0.00','0.00','48519.51','89.60','2013.00',75.00,27,0,'0.00','2.80','11.00','19706.00','都市总部大楼位于西藏中路、广东路，隶属人民广场商圈，由“台北101”投资建设。大楼坐享26万平米人民广场绿地和23万平米延中绿地。大楼外立面采用双层中空节能镀膜反射玻璃，令办公空间充分享受自然光。独特的十字型走道设计，动线简洁，确保高使用率；大堂挑12米，大气尺度彰显非凡气度。大堂二楼有咖啡馆，办公休闲、商务洽谈都可进行。大楼顶部有屋顶花园，可以俯视上海市中心的绝佳景色。','与基地环境呼应，集普遍的建筑形态和灵活的平面布局于一体',0,0,0,'0.00',167,'1800.00','讯达','有','8','','','','星期一至星期五：8：00--18：00 星期六：8：00-13：00','集中式中央空调','','','有','每楼层各1套','玻璃幕墙','大理石','电信 移动 联通 网通','有','无','无','','@57U9A0QWGF48U927SW2I2I53SWG1KZ955S2C79ZQSTWBK2K465_house_jihuofangyuan',0,0,13,0,0,0,0,0,17,216,'','','0.00',''),(104,'华旭国际大厦','Plaza 336','huaxuguojidasha','HXGJDS',1,1429188907,1,0,0,6,0,200,13,'上海',8,'人民广场',105052,'黄浦区','西藏中路336号','121.48250600','31.23971900',19777,'徐文意',1429188907,20087,'颜莉斌',1460527305,19777,'徐文意','2','甲级','世邦魏理仕','28.00',1,'/','','','','上海申花大厦项目管理有限公司','/','33303566','/','/',1199116800,'0.00','3335.00','30131.93','93.70','1333.00',70.00,20,1,'0.00','2.70','8.50','17192.00','华旭国际大厦位于九江路西藏中路口，正北面是百联世茂国际广场，南邻历史保护建筑沐恩堂，从楼内可以看到上海博物馆和城市规划展示馆。大厦裙楼是Esprit的中国旗舰店和中国知名旅行社春秋国旅。办公楼内有法国、意大利等签证申请中心。整层面积为1333平方米，在甲级写字楼中体量较小，租金报价在周边同等级中较低，性价比较高。','集购物、休闲、娱乐于一体的时尚购物中心',0,0,0,'10.00',80,'1600.00','蒂森克虏伯','有','4客，1货','','约克','','星期一至星期五：8:30-19:00 星期六：8:30-13:00','集中式中央空调','','','无','每层各1套','玻璃幕墙','大理石','电信 联通 移动 网通','有','无','无','','@PTU77L8P7JNDK2QVBSZROT645U1WG95LX9AUIJ3V1P19J4P530_house_lurufangyuan',0,0,38,0,0,0,0,0,27,170,'','','0.00',''),(105,'新业中心','YANGGUANG CENTER','xinyezhongxin','XYZX',1,1429189679,1,0,0,5,0,0,13,'上海',45,'虹桥',105055,'长宁','中山西路888号','121.41686400','31.21020700',19777,'徐文意',1429189679,19806,'姜忠超',1456131432,19777,'徐文意','2','甲级','阳光新业','28.00',1,'阳光新业','','','','阳光新业','中原，SUPER CITY','60253777','/','/',1427817600,'0.00','0.00','45865.00','0.00','1300.00',65.00,39,0,'0.00','2.50','5.50','1680.00','新业中心坐落于上海市中山西路888号，位处虹桥经济开发区，是虹桥核心区域著名建筑文化地标。外商投资增长迅猛，外商客流不断攀升，让虹桥成为中国重要贸易集聚区，高端商务需求空前高涨，由主体写字楼和商业裙楼两部分组成，享有奢华酒店式大堂、9部锋速电梯、开阔视野展示面、自由分割空间等优越硬件设施；同时，3万平米商业裙楼规划提供商务餐饮、便利零售、休闲娱乐、金融服务等配套；并享有锦江国际提供的全程高端物业服务，将打造区域内唯一软硬件全新升级改造、即将交付的商业地标。','成熟配套呈现城市核心区综合性物业',0,0,0,'0.00',141,'0.00','OTIS','有','6+3','','开利','','8:30-18:30','集中式中央空调','','','无','','干挂铝板，铝合金窗，LOWE玻璃','地毯，墙纸','光纤入户','有','有','有','智能化楼宇监控管理，24小时监控电视','@6S4GG33NKQ4F4O286369Z24LF632N0Z99K64G8F41S4039B64A_ignore',0,0,1,0,0,0,0,0,1,198,'','','0.00',''),(106,'会德丰国际广场','WHEELOCK SQUARE','huidefengguojiguangchang','HDFGJGC',1,1429190690,1,1461119284,0,11,0,200,13,'上海',22,'静安寺',105056,'静安区','南京西路1717号','121.45121400','31.22835900',19777,'徐文意',1429190690,19806,'姜忠超',1461119354,19777,'徐文意','2','甲级','上海夏利文物业管理有限公司','42.00',1,'九龙仓集团','','','','上海会德丰广场发展有限公司','/','22191826','/','/',1262275200,'0.00','0.00','111817.00','271.00','2100.00',70.00,61,3,'0.00','3.05','14.00','4426.50','会德丰国际广场位于上海市静安区南京西路和华山路交界处，紧邻静安公园和静安寺，总高298米，由KPF建筑事务所设计，目前是浦西第一高楼，在上海最顶级的商业中心——南京西路商圈占重要位置。\r\n会德丰国际广场竣工于2010年5月，是国际化大上海的标志性建筑之一。临高俯瞰，既有CBD的现代动感，又见传统建筑的雅致闲逸以及葱茏绿意；动静昼夜，浦西和浦东两岸美景尽收眼底，坐享静谧的办公环境与高端办公氛围。其建筑设计交由享誉全球的建筑师事务所Kohn Pedersen Fox操刀，巧妙工整的线条，融合简约高雅的设计理念及品位，美学与功能并重。\r\n生态友好的理念和尖端设施的完美结合，可持续发展的建筑理念、宽敞的楼层以及世界级的物业管理服务，使得会德丰国际广场完全能够匹配国际顶级企业的需要，成为上海乃至中国现代化办公楼的标杆。','浦西第一高楼，国际化大上海的标志性建筑',0,0,0,'0.00',520,'1800.00','迅达','有','23部客梯，2部货 梯，3部车场电梯','','开利','','周一至周五 08:00 至 19:00 周六 08:00 至 13:00','集中式中央空调','0.25元/㎡/小时','9米','有','','低辐射（Low-E）中空玻璃','地毯','电信、联通、长城、铁通、移动、卫通','有','有','有','5A智能','@0A326UJ5C5471OK3II6KE60YQUT58Q4JM21I5Q7Z7BSQYNLG9R_office_suopan_dalouguizepeizhi',0,0,2,0,0,0,0,0,20,378,'','','0.00',''),(107,'东方维京大厦','V-CAPITIAL','dongfangweijingdasha','DFWJDS',1,1429191138,1,1461136436,0,9,0,200,13,'上海',45,'虹桥',105055,'长宁','仙霞路333号','121.40537400','31.21222000',19777,'徐文意',1429191138,21077,'袁周翔',1461312939,19777,'徐文意','办公楼','甲级','维京泰成','23.00',1,'/','','','','上海东方维京文化发展有限公司','/','61671116','/','/',1228060800,'0.00','9043.00','33000.00','99.30','1500.00',71.00,28,2,'0.00','2.80','8.00','8286.00','东方维京大厦位于仙霞路、古北路，属于虹桥涉外商务区的核心区域。大厦周边基础设施完善，商务配套齐全，写字楼林立，商务氛围浓郁。大厦广场面积超过3500平米，整体绿化率近40%。大厦公共区域整体装修为现代中式风格，办公设施先进，架空地板、新风系统一应具有。商业配套齐全，在2000平米的商铺内，设置了银行网点、证券营业部、便利店、足浴按摩馆、桌球酒吧。','涉外商贸企业和大型制造业公司总部首选之一',0,0,0,'0.00',300,'600.00','迅达','有','8+1','','东芝','','','半集中式中央空调','','7.8m','50','3+4','玻璃幕墙','地砖','电信，联通，网通，铁通','有','无','有','5A智能','@007ONIJ2Y52PG22A1C35152UVJ9MD37U3Y510X1J3WTP2F95TR_office_suopan_dalouguizepeizhi',0,0,8,0,0,0,0,0,21,290,'','','0.00',''),(108,'东方汇经中心','Oriental Financial Center','dongfanghuijingzhongxin','DFHJZX',1,1429242609,1,0,0,10,0,200,13,'上海',6,'陆家嘴',105064,'浦东','陆家嘴环路333号','121.51030300','31.23879900',19777,'徐文意',1429242609,19806,'姜忠超',1456125708,19777,'徐文意','2','甲级','仲量联行','39.00',1,'交通银行','','','','长江实业集团有限公司','Colliers ，DTZ','22080564','/','/',1388505600,'0.00','9298.00','113382.00','200.00','3366.00',76.00,31,4,'0.00','3.20','15.50','3154.00','东方汇经OFC建筑面积超过11万平方米，以财金汇聚、点睛之最作为项目定位，该项目共建35层楼，总高约为200米，完美顺应陆家嘴金融中心区的高度。确立其汇合金融及经贸的建筑蓝本特色。\r\n大厦四方除围抱辽阔的绿化广场，办公大堂亦气派不凡，拥贯穿全栋之创新中庭，设计独特，为大厦提供充足的自然光及自然风。另外，大厦的超甲级3.2-3.5米楼层净高结合了既环保又节能的高效地送风空调系统，为租户提供优质的配套，大大提升了办公空间格局的灵活性。\r\n东方汇经OFC拥约3300多平方米以上大开间楼层实用率高达76%。 加上项目的特色户设于35/F & 36/F， 除饱览小陆家嘴及黄浦江之优越景观，更可让客户随时置身顶层之空中花园，呼吸城市新鲜气息，为区内罕有。地下一层特设商业配套空间，为大厦租客提供多元化的特色餐饮及完备的商业配套服务。东方汇经OFC势必成为陆家嘴滨江带新晋商务地标。','陆家嘴滨江带新晋商务地标',0,0,0,'0.00',497,'1800.00','','有','20客 2货','','','','Am8:00-Pm7:00','集中式中央空调','','','150mm','','双层low-eTBC玻璃幕墙','','电信，联通，联通，铁通，长城','有','无','有','5A智能','',0,0,1,0,0,0,0,0,5,116,'','','0.00',''),(109,'金虹桥国际中心','A·R·C·H','jinhongqiaoguojizhongxin','JHQGJZX',1,1429246465,1,0,0,11,0,200,13,'上海',45,'虹桥',105055,'长宁','长宁娄山关路533号','121.40961900','31.21475200',19843,'贺京健',1441964098,20958,'王江鑫',1460101800,19891,'井潇泽','办公楼','甲级','浦江物业','33.00',1,'金光纸业（中国）投资有限公司','','','','金虹桥国际置业有限公司','JLL，Colliers ','52068888','/','/',1388419200,'3.80','3550000.00','260000.00','148.00','2100.00',70.00,34,4,'0.00','2.90','9.50','5889.00','由建筑设计大师约翰波特曼设计，金虹桥国际中心,虹桥开发区商圈顶级写字楼,长宁区地铁2号沿线顶级写字楼,金虹桥国际中心属于长宁区顶级写字楼,金虹桥国际中心轨道交通地铁2号沿线,属于虹桥开发区商圈顶级写字楼。金虹桥国际中心位于上海茅台路、娄山关路口，主体建筑是一幢“门”字型甲级办公楼、一座内街式、开放型商场和一个拥有1500个停车位的地下车库，是集购物、餐饮、办公、酒店、休闲等功能为一体的城市综合体。','世界级的城市综合体，成就上海商务生活全新地标与新门户',0,0,0,'0.00',1408,'1000.00','迅达','有','24+4','','开利','','星期一至星期五9:00到18:00、星期六至星期六9:00到12:00','集中式中央空调','','10.5m','150','','双层low-e玻璃幕墙','地毯','电信，联通，铁通，移动，长城','有','有','有','5A智能','@YTK1OK4F0U36JXU22X520T59PW6NA5BVD931NTX3EQT21EL384_house_jihuofangyuan',0,0,5,0,0,0,0,0,10,324,'','','0.00',''),(110,'港汇中心','1 Grand Gateway','ganghuizhongxin','GHZX',1,1429247405,1,1458890355,0,10,1,0,13,'上海',3,'徐家汇',105054,'徐汇区','虹桥路1号','121.44369400','31.20053100',19777,'徐文意',1429247405,19806,'姜忠超',1458890355,19777,'徐文意','2','甲级','上海港汇房地产开发有限公司','32.00',1,'上海港汇房地产开发有限公司','','','','恒隆集团','/','33268720','/','/',1104508800,'0.00','0.00','67222.00','230.00','1700.00',70.00,48,3,'0.00','2.70','10.50','310.00','港汇中心双塔单体外型为圆角的四方柱体造型，而整个建筑圆角部分的外墙采用银白色玻璃幕墙，突显商务楼盘的气势不凡，由世界十大建筑设计事务所 - 美国凯里森建筑师事务所担纲设计，采用前卫的建筑风格，造型气派、外观雄伟，融合了东西方文化精髓，具有跨时代美感与现代化功能。立面以弧面及楔合手法配合花岗石面饰及银灰色玻璃幕墙等造型材料构建，强调了双塔的挺秀、高雅及现代感；每座塔楼设置16部高速电梯，运行分层区计划，舒适快捷。内部装修完全依照国际A级办公楼装修标准，拥有先进的设施和优越的办公条件。荷兰银行、纽威咨询、adidas、威伯科（WABCO）、OMNICOM等世界500强或世界著名企业已经率先入驻办公，另有大批中外知名企业将上海总部移至港汇中心，使港汇中心成为名企汇聚之地。','名企汇聚之地',0,0,0,'0.00',1300,'1200.00','迅达','有','客梯14、货梯2','','沃克','','8:00-18:00','集中式中央空调','300/小时','20米','10厘米','每层均设','玻璃幕墙','地毯','200直线/层','有','有','无','24小时监控','',0,0,0,0,0,0,0,0,4,352,'','','0.00',''),(111,'展想广场','Sandhill Plaza','zhanxiangguangchang','ZXGC',1,1442299112,1,0,0,0,0,0,13,'上海',9,'张江',105064,'浦东','祖冲之路2290号','121.63518100','31.21612200',19777,'徐文意',1429248120,21077,'袁周翔',1461226300,19777,'徐文意','1','甲级','仲量联行物业管理有限公司','25.00',1,'/','','','','展想电子科技有限公司','/','60752555','/','//',1354291200,'0.00','23317.00','85000.00','0.00','2741.00',73.00,20,2,'0.00','2.85','5.50','1739.00','想广场位于祖冲之路2290号，雄踞浦东张江高科技园区核心地段，建筑高度超出地面100米，是张江高科技园区域内最高建筑。发展商以定义张江新地标的气魄、前瞻的规划设计和卓越的建筑品质，为园区高科技创新企业打造一站式商务办公综合体。总面积约13万平米的展想广场综合了5A甲级写字楼、商业配套以及由国际品牌管理公司管理及经营的约300间高星级酒店客房和服务式公寓，让您的企业畅享舒适便利的商务办公环境。','张江新地标，前瞻的规划设计和卓越的建筑品质',0,0,0,'0.00',420,'400.00','瑞士迅达','有','客梯8部，观光客梯2部，货梯2部','','','','星期一至星期五08:30到17:30','集中式中央空调','','9m','150mm','提供冷热水','双层LOW-E，中空钢化热浸玻璃幕墙','地面地毯，墙面乳胶漆','电信、联通、长城、铁通、移动、卫通、有线通','无','无','无','','@M1X0061093I4K0M3F0HJR4SD72EORI57EU8A3WS97N430021T4_office_suopan_dalouguizepeizhi',0,0,2,0,0,0,0,0,4,1810,'','','0.00',''),(112,'万科翡翠滨江','','wankefeicuibinjiang','WKFCBJ',1,1429252349,1,0,0,6,0,0,13,'上海',6,'陆家嘴',105064,'浦东','昌邑路1500号','121.54280700','31.25049600',19777,'徐文意',1429252349,19806,'姜忠超',1462861657,19777,'徐文意','1','甲级','上海万科物业服务有限公司','30.00',1,'万科集团','','','','上海中房滨江房产有限公司','','','','',1459267200,'0.00','0.00','48968.00','120.00','1430.00',70.00,25,2,'0.00','2.90','7.50','0.00','万科翡翠滨江是万科在上海首次站在区域规划的高度进行整体包装与考量的高端产品系项目，也是目前上海内环内整个陆家嘴滨江沿线最大的城市综合体项目，被称为“万科30年最高端项目”。土地价值尤为稀缺，可以说“不曾有，也不再有”。项目分三期开发，总建筑面积约40万方，由高端住宅、商业、办公、会所、幼儿园和小学多种项目业态组成，致力于打造滨江沿线最佳高端社区。\r\n在建筑规划上，万科翡翠滨江运用了最现代的类似玻璃幕墙的技术。楼栋错落有致，间距宽阔，北拥浦江美景，南享充足阳光，厅内270度弧形看江，在保证隐私的同时，享受最大化的江景资源，尽显尊贵。在景观规划方面，万科不惜牺牲大量土地资源，建造了相当于一个淮海公园大小的绿化景观。 \r\n2014年7月5日，万科翡翠滨江以夏季风尚盛典的形式，正式开放。万科翡翠滨江由此开启了全新篇章，它将为上海的生活方式开拓出全新的想象空间，更奏响了2014年上海万科做高端的序章。','为潮流生活方式开拓全新的想象空间',0,0,0,'20.00',243,'1500.00','','有','8客1货','','','','','集中式中央空调','','','150mm','进口人造石台面，台盆、坐便器、龙头为科勒或同档品牌，品牌墙地砖','LOW-E中空玻璃幕墙+局部铝板','','','有','无','无','','@1H9LQ8MZX99DH68X9Y04451URVKU5210CF806BQ50LS59L8588_office_baocundiliweizhi',0,0,0,0,0,0,0,0,0,108,'','','0.00',''),(113,'虹桥万科中心','Hongqiao Vanke Center','hongqiaowankezhongxin','HQWKZX',1,1429254589,1,0,0,29,1,200,13,'上海',282,'金虹桥',105061,'闵行区','申长路988弄','121.32168400','31.20320800',19777,'徐文意',1429254589,20118,'喻平英',1460711836,19777,'徐文意','2','甲级','上海万科物业管理有限公司','33.00',3,'万科集团','','','','上海万科房地产有限公司','JLL','','/','/',1438358400,'0.00','32000.00','93000.00','0.00','2000.00',70.00,9,0,'0.00','3.00','6.00','12068.27','虹桥万科中心地处虹桥商务区一期核心，接壤虹桥交通枢纽，联动长三角城市群，是集办公、商业于一体的地标型写字楼项目。项目总占地面积约32,000平，其中写字楼建筑面积约93,000平，商业建筑面积约30,000平。 \r\n虹桥万科中心由七栋建筑与一个下沉式广场组成， 建筑外观如宝石般通透独特，花园般的景观设计别具一格。全项目获LEED GOLD及国家绿色三星认证，国际设计团队倾心打造高品质绿色商务空间。创新的能量补给型商业业态和以智慧为核心的万科新型物业服务，打造未来办公典范。','提供放松身心、补充能量的工作场所',0,0,0,'0.00',1000,'1000.00','','','4客1货1行政','','','','','集中式中央空调','','9m','有','','','','','有','无','无','','@909090D966163X40A651SPSPDB6MAMO2O20A3I1HIM74RXG38B_house_lurufangyuan',0,0,13,0,0,0,0,0,14,392,'','','0.00',''),(114,'腾飞大厦','Ascendas Plaza','tengfeidasha','TFDS',1,1429256770,1,1458893402,0,12,0,200,13,'上海',3,'徐家汇',105054,'徐汇','徐汇天钥桥路333号','121.44880800','31.19467300',19843,'贺京健',1441964097,19806,'姜忠超',1458893402,19891,'井潇泽','1','甲级','腾飞物业','33.00',1,'腾飞集团','','','','腾飞置业(上海)有限公司','','61546094','','',-2036044800,'3.50','0.00','59000.00','0.00','1100.00',70.00,30,0,'0.00','2.50','7.50','1968.00','腾飞大厦的外立面设计简洁流畅，外墙采用银色玻璃幕墙，顶部采用纽约帝国大厦式塔尖设计。5A智能化设计将满足现代商务办公的各项需求。办公大堂挑空2层设计，内部采用大理石花岗岩墙面地砖装饰，营造大气尔清新的现代风格。公共区域装修采用铝板天花，优质墙纸和地毯。卫生间配以科勒洁具和地砖。腾飞大厦这座一流的综合商务楼，总面积达59,000平方米，设有两层地下停车场。办公楼的标准楼层面积约1,100平方米，商场标准楼层面积为2,895平方米。可租面积 84.7平方米起，楼高30层， 1-5楼为商场。','无',0,0,0,'0.00',20,'1500.00','三菱','有','5.0','2.0','','','','集中式中央空调','','8米','','科勒洁具和地砖','','地毯','电信联通移动','无','无','无','5A','',0,0,5,0,0,0,0,0,26,138,'','','0.00',''),(115,'南证大厦','NAN ZHENG BUILDING','nanzhengdasha','NZDS',1,1429258883,1,0,0,10,1,200,13,'上海',1,'南京西路',105056,'静安','静安南京西路580号','121.47264600','31.23745500',19843,'贺京健',1441964100,19806,'姜忠超',1464674950,19891,'井潇泽','办公楼','甲级','仲量联行物业管理有限公司','26.50',3,'仲益控股集团','','','','上海仲安地产发展有限公司','/','52340255','/','/',1072886400,'3.60','37987.00','110714.00','177.00','2100.00',66.00,49,2,'0.00','2.50','7.50','28042.94','南证大厦坐落于上海市中心的黄金宝地--南京西路580号，是一座超高层现代化楼宇，具有办公、商贸、餐饮、娱乐为一体的综合功能。大厦主楼形似威武巨龙般屹立南京路，地理位置十分优越，是位于上海市区中心的智能化商务大厦。大厦由香港著名的A1建筑有限公司精心设计。主楼地上49层，地下2层，高度177米，曾是浦西办公楼第一高度。大厦总建筑面积为110714m2,其中1层至5层开设主题商场，6层以上为办公房，房型可任意由客户需要自由分隔。大厦采用国际一流的设备和装饰材料。大厦采用进口全中央空调、热交换机、锅炉；18台电梯及14台自动扶梯均为原装进口；进口热反射玻璃幕墙。大厦已达5A级智能化标准，即大楼自动控制系统( BA)、通讯自动化系统(CA)、保安自动化系统(SA)、消防火灾自动报警系统(FA)和办公自动化系统(OA)。大厦由国际知名物业管理公司仲量行实行酒店式管理。地处商业中心，交通线路便捷，除拥有东南西北各个方向经临的公交线路外，另以大厦为中心，往东500米即为地铁1、2号线人民广场站，往西300米为地铁2号线石门路站，往南500米即为延安东路高架。大厦共有360个停车泊位，并可从南京路、成都路、凤阳路3个双响进出口通道自由出入，确保交通流畅、便捷。','浦西办公楼第一高度',0,0,0,'0.00',360,'1400.00','日立','有','9.0','1.0','麦克威尔','','周一到周五8:00-18:00','集中式中央空调','￥400/小时','','无','每层各1套','玻璃幕墙','大理石','电信 联通 移动 网通','有','无','无','','@4W1282YA98R9E65588LKLY4S0V3VDPJ8J0QP2N847K776O0B96_office_suopan_dalouguizepeizhi',0,0,79,0,0,0,0,0,124,656,'','','0.00',''),(116,'华润万象城','The mixc','huarunwanxiangcheng','HRWXC',1,1429262287,1,0,0,6,0,0,13,'上海',47,'七宝',105061,'闵行','上海市吴中路1551号','121.37724300','31.17732900',19777,'徐文意',1429262287,20770,'曹夏',1459317169,19777,'徐文意','办公楼','甲级','第一太平戴维斯','33.00',3,'申通资产','','','','华润集团和申通集团','CBRE','60838888','/','/',1447171200,'0.00','202375.00','5300000.00','13.50','2650.00',75.00,7,2,'0.00','2.80','5.50','34200.00','华润上海万象城国际都市综合体总建筑面积53万平方米，位于地铁10号线紫藤路站上盖，紧邻吴中路和外环高架内侧。项目处于虹桥涉外贸易中心、虹桥临空、七宝、南方商城、漕河泾的中心位置，距虹桥综合交通枢纽仅2千米，尽占大虹桥CBD核心区位优势。周边配套成熟，区域外籍人口集中 。','全新的生活办公体验，真正意义的商务休闲中心',0,0,0,'20.00',0,'600.00','','无','3+1','','','','','集中式中央空调','','8米','150mm','','低辐射（Low-E）中空玻璃','地毯','多运营商高速光纤接入，移动信号全覆盖','有','无','有','','@531960R80408P6UM1R26O8WPOGXJW7143KU47LSGYLNGSH1MC1_office_updatedalou',0,0,0,0,0,0,0,0,0,96,'','','0.00',''),(117,'瑞安广场','Shui On Plaza','ruianguangchang','RAGC',1,1429521434,1,1461119753,0,8,1,200,13,'上海',277,'淮海中路',105053,'卢湾','卢湾淮海中路333号','121.48038800','31.22852300',19843,'贺京健',1441964100,19806,'姜忠超',1461119753,19891,'井潇泽','办公楼','甲级','瑞安物业管理有限公司','33.00',1,'瑞安集团','','','','瑞安房地产发展有限公司','/','23168292','/','/',820425600,'3.60','35065.00','78000.00','120.00','2500.00',0.00,26,0,'0.00','2.60','9.50','25004.00','瑞安广场是1996年落成的超甲级商办综合楼。大楼耸立早淮海中路、黄陂南路的地铁站上-淮海中路333号。瑞安广场办公楼部分楼面面积约37000平方米，每层办公楼面积约2300平方米，另有八层商场提供超过30000平方米的零售、餐饮及娱乐设施。瑞安广场提供充足的电话线、卫星电视天线、光纤通讯系统、宽带网络系统安装齐全、分区式空调系统、紧急电源及高速升降机，瑞安广场设有国际会议中心、健身会所和充足的停车位。瑞安广场内客用电梯11部，货梯2部，自动扶梯12部。','建筑质量最高荣誉集于一身',0,0,0,'0.00',25,'1660.00','三菱','','11.0','2.0','','','星期一至星期五：8:00-18:00','集中式中央空调','','8m','有','','玻璃幕墙','地毯','电信、移动、联通','有','无','有','','@JIUN24R5W09G3R500ZDBS3UAZ3HWJB9054X78CZ7EC9LR45UD2_office_suopan',0,0,4,0,0,0,0,0,18,170,'','','0.00',''),(118,'华鑫天地','Chinafortune Businss Plaza','huaxintiandi','HXTD',1,1429600190,1,1458890560,0,6,0,200,13,'上海',2,'漕河泾',105054,'徐汇区','田林路200号宜山路825、827号','121.41383500','31.17540900',19777,'徐文意',1429600190,20770,'曹夏',1459321244,19777,'徐文意','办公楼','甲级','华新物业','27.00',1,'上海华鑫置业有限公司  ','','','','上海怡汇投资管理有限公司','','64860930','','',1409500800,'0.00','24956.00','57468.00','0.00','1500.00',68.00,9,2,'0.00','2.80','4.20','1462.00','华鑫天地田林路200号，项目由若干建筑体块组成，造型各不相同，顺应场地以及与城市的联系，建筑平面转折、朝向、视野，高度以及光线变化丰富，既有灵活的功能，又呈现出独特的性格。建筑师可持续发展理念融入设计中，充分重视良好的自然采光、日照，无视线干扰，通风，具有节能方面的优势。同时，注重自然地元素，建筑放置于绿色的花园之上，绿化屋面和河岸的景观自然衔接，建筑立面外墙为交替的不透明和通透玻璃条形落地窗构成，竖向的框条带来统一的韵律。立面的细节处理，将建筑美学、建筑功能、节能等因素有机的结合起来，凸显园区的特色。','顺应场地以及与城市的联系，注重自然元素',0,0,0,'45.00',300,'500.00','三菱','无','8部客梯+2部货梯','','大金','','9：00-18:00','集中式中央空调','','9米','无','玻化砖','铝合金陶土版组合幕墙','玻化砖、地毯','全数字覆盖安防系统、光纤入户、全区域WIFI','有','无','无','主入口门禁、24小时安保系统、闭路电视','@F14993MJZ4M26CWTQP8413485SS630T344H061B9IQGJ861D82_office_updatedalou',0,0,2,0,0,0,0,0,1,294,'','','0.00',''),(119,'贝岭大厦','china electronics belling building','beilingdasha','BLDS',1,1429614054,1,1458890829,0,5,0,0,13,'上海',2,'漕河泾',105054,'徐汇区','宜山路810号','121.41355300','31.17870400',19777,'徐文意',1429614054,21023,'洪敏',1460107400,19777,'徐文意','2','甲级','上海漕河泾物业管理有限公司','12.00',1,'上海贝岭股份有限公司','','','','/','/','64953563','/','/',1354291200,'0.00','0.00','31166.44','81.00','1100.00',72.00,19,2,'2.00','4.50','3.75','0.00','贝岭技术研发中心大厦地理位置优越，周边交通四通八达，商业配套成熟，在周边商务办公区域中独树一帜，楼内配套非常完善，朝向全南，适合各类企业入驻。','地理位置优越，商业配套成熟',0,0,0,'30.00',145,'500.00','通力','有','6','','日立','','24小时','半集中式中央空调','','9.6','无','每层一套','玻璃幕墙','','移动、电信、联通','有','有','有','','@8XVW7HZS52I410W869V82156090EE5BYL12837M14667ANTDB7_house_lurufangyuan',0,0,0,0,0,0,0,0,1,75,'','','0.00',''),(120,'香港新世界大厦（K11大厦）','HK New World Tower','xianggangxinshijiedasha（k11dasha）','XGXSJDS（K11DS）',1,1429614443,1,1461316462,0,10,0,200,13,'上海',277,'淮海中路',105053,'卢湾','卢湾淮海中路300号','121.48018100','31.22949900',19843,'贺京健',1441964100,21077,'袁周翔',1461316462,19891,'井潇泽','办公楼','甲级','上海新创物业管理有限公司（香港新世界下属企业）','32.00',1,'香港新世界房产有限公司','','','','新世界中国地产有限公司','/','63877777','/','/',1038672000,'3.10','37591.00','137336.00','260.00','2010.00',70.00,60,3,'0.00','2.50','10.50','3720.00','香港新世界大厦曾是卢湾区最高的写字楼，位于淮海中路300号。楼高262.5米，主楼60层，总建筑面积137336平方米。60个层面的甲级办公楼，每层约300－2010平方。每层可随意分割组合、十四台豪华型室电梯。本区域集购物、休闲、娱乐、餐饮为一体。充裕的地下三层大型车库，有326个泊位。紧依延安东路高架、南北高架、地铁一号线，交通便捷。 香港新世界大厦SA智能化、光缆进楼，ATN主干交换传输功能，设DDN结点机，连接国际互联网络。设卫星接收天线，可接收泛美2号、日星和卫亚一号节目。大厦4层至57层均为办公楼，其中几层有设备层兼避难层）。大厦由香港新世界中国地产有限公司投资开发。内设办公楼、商场、会议、餐饮、娱乐设施及停车场。而大厦的智能化设计及管理化系统在上海的写字楼中首屈一指，拥有现代化的优质通讯系统。 香港新世界大厦在2002年建成，属于甲级商业摩天大厦。大厦高278米、有61层高，是上海第6高大厦（截至2008年8月），仅次于上海环球金融中心、金茂大厦、上海世茂国际广场、上海恒隆广场及明天广场。','首屈一指的智能化设计及管理化系统',0,0,0,'35.00',312,'1000.00','东芝','有','12.0','9.0','顿汉·布什','','周一-周五：9:00-19:00；周六：9:00-13:00','集中式中央空调','450/小时/单元','','有','每楼层1套','玻璃幕墙+石材','大理石','电信 联通 移动 网通','有','无','无','','@129M952IW41R400A22GFJO08FGAXT3W2US5N2U879QUBYSSJT5_office_suopan',0,0,3,0,0,0,0,0,12,440,'','','0.00',''),(121,'越洋广场','PARK PLACE','yueyangguangchang','YYGC',1,1429614924,1,0,0,7,0,0,13,'上海',1,'南京西路',105056,'静安','静安南京西路1600号','121.45408400','31.22937000',19843,'贺京健',1441964100,20770,'曹夏',1459314181,19891,'井潇泽','办公楼','甲级','仲量联行物业管理有限公司','40.00',1,'上海越洋房地产开发有限公司','','','','上海越洋房产有限公司','/','22309988','/','/',1196438400,'4.50','39417.00','200000.00','0.00','2600.00',70.00,43,2,'0.00','3.00','13.00','1580.00','越洋广场位于南京西路1600号、靠近常德路口，是一个集写字楼、酒店和商铺的综合性楼盘。楼盘紧邻地铁二号线静安寺站与延安中路高架，交通便捷。附近的南京西路商业街，休闲会所和静安公园为楼盘营造了较好的商务办公环境。越洋广场占地约21000平方米，由一幢43层的甲级办公楼、5层的主题商场和24层的超五星级精品酒店组成，整个项目总建筑面积近20万平方米，于2007年年底竣工。其中最下面5层、约4万平方米作为商场将引入国际一线品牌以及高档休闲、餐饮业。','优雅的商务办公环境，俯视浦西美景',0,0,0,'0.00',517,'2500.00','日立','有','13.0','3.0','约克','','星期一至星期五：8:30-18:00','集中式中央空调','','','有','每楼层1套','节能内循环呼吸式双层中空Low-e隔音幕墙','','中国移动通讯覆盖、中国联通覆盖、中国网通、ISDN、ADSL、ATM宽带网','有','无','无','','@WI42147TXSXPRGOKS54FHB9LRBOUI09B931590J71C307OBH37_office_updatedalou',0,0,0,0,0,0,0,0,4,208,'','','0.00',''),(122,'企业天地一期','One Corporate Avenue','qiyetiandiyiqi','QYTDYQ',1,1429615561,1,0,0,10,0,200,13,'上海',278,'新天地',105053,'卢湾','卢湾湖滨路202号','121.48252400','31.22675400',19777,'徐文意',1429615561,20770,'曹夏',1459316609,19777,'徐文意','办公楼','甲级','上海瑞安房地产物业管理有限公司','36.00',1,'上海瑞安房地产开发有限公司','','','','上海瑞安房地产开发有限公司','','63859888','','',1072886400,'0.00','0.00','78000.00','118.00','1000.00',70.00,25,0,'0.00','2.80','11.50','1164.00','企业天地毗邻著名的上海新天地，其独特的ArtDeco风格外型与新天地石库门建筑相映成辉，成为该板块内的地标性办公楼宇。企业天地一期建筑面积约7.8万平方米，2栋小高层办公楼宇沿太平湖而筑，自然风景与低密度办公相得益彰。写字楼采用中间无支柱的楼层设计，空间灵活多变，实用高效，目前成为新天地区域中最具人气的写字楼。','新天地区域中最具人气写字楼',0,0,0,'0.00',210,'1600.00','迅达','有','13','','','','星期一至星期五：8:30-20:00','集中式中央空调','','13米','有','每层1套','玻璃幕墙+石材','地毯','电信、联通、移动、有线通','有','无','有','','@0535W6IJH7413C5SINCI44Z8740IGTB38JUDU022QZ0PWLIPEP_office_updatedalou',0,0,1,0,0,0,0,0,8,230,'','','0.00',''),(123,'越虹广场','H 88','yuehongguangchang','YHGC',1,1429695747,1,1458893494,0,8,0,0,13,'上海',2,'漕河泾',105054,'徐汇','虹漕路88号','121.41704500','31.17746000',19776,'应艺青',1429695747,19806,'姜忠超',1462861537,19776,'应艺青','办公楼','甲级','自主物业','25.00',1,'','','','','','','61335697','','',-28800,'0.00','0.00','56432.00','0.00','1340.00',70.00,19,1,'0.00','2.70','5.20','1700.00','徐汇漕河泾H88越虹广场位于徐汇区漕河泾商圈。 轨道交通9号线围绕，交通便利公交众多，绿化环境舒适是您理想办公首选之地。园区靠近宜山路、临近中环虹许路，处于漕河泾新兴技术开发区，可谓闹中取静。由国际知名建筑机构阿特金斯规划进行设计，率先引入概念，打造成上海最大的创意园区之一。','融合办公创意休闲三大功能的综合创意园',0,0,0,'0.00',318,'0.00','','','8部客梯+ 2部货梯','','','','','集中式中央空调','','','','','玻璃幕墙+铝板','','','有','无','无','','@VPWNT45KOQSUD65257AWH1W10Z12M5XB5O138UB2MRXB3UV1MC_office_baocundiliweizhi',0,0,0,0,0,0,0,0,1,238,'','','0.00',''),(124,'诚达创意产业园','','chengdachuangyichanyeyuan','CDCYCYY',1,1429696048,1,1458890866,0,6,0,200,13,'上海',2,'漕河泾',105054,'徐汇区','桂林路402号76幢','121.42246600','31.17809600',19776,'应艺青',1429696048,21023,'洪敏',1460105531,19776,'应艺青','1','甲级','诚达创意产业园','28.00',1,'上海诚盛太好百货有限公司','','','','上海诚盛太好百货有限公司','','34604150','上海新建设建筑设计有限公司','上海华辰建筑工程有限公司',1425139200,'0.00','15254.00','36181.00','0.00','7000.00',70.00,4,1,'0.00','4.80','4.50','816.00','上海诚达创意产业园区位于桂林路402号76栋，桂林路地铁站隔街相望，旁边即是徐家汇田林商业街，闹中取静，生活配套设施十分齐全。','紧邻徐家汇田林商业街，生活配套设施齐全',0,0,0,'0.00',230,'400.00','永大','无','6客2货','','开利','','','集中式中央空调','','5米','无','各楼均有2处','','','目前已有移动，联通入户，另电信待签约	','无','无','无','','@78Y70TMRT45F6U868YX88X4IIGYO824935QH86E0IX3SX41QHQ_house_lurufangyuan',0,0,11,0,0,0,0,0,0,60,'','','0.00',''),(125,'企业天地二期','5 Corporate Avenue','qiyetiandierqi','QYTDEQ',1,1429696444,1,0,0,9,0,200,13,'上海',278,'新天地',105053,'卢湾','湖滨路222号','121.48563000','31.22669000',19776,'应艺青',1429696444,20107,'罗静',1459829443,19776,'应艺青','办公楼','甲级','上海瑞安房地产开发有限公司','36.00',1,'上海瑞安房地产开发有限公司		','','','','上海瑞安房地产开发有限公司		','','63859888','','',0,'0.00','0.00','156000.00','135.00','1000.00',69.00,27,3,'0.00','2.80','12.50','866.93','企业天地二期位于太平桥人工湖的北端，毗邻上海新天地著名的城市的零售和娱乐区。 拥有优质甲级办公楼与商业和娱乐中心，企业天地二期涵盖总楼面面积合共约254,000平方米。\r\n企业天地二期提供了最新的“智能”建设服务和设施，为跨国公司在上海开发的，是注定要成为在上海中心城区卢湾商业区的核心。','上海中心城区卢湾商业区的核心',0,0,0,'20.00',0,'1800.00','','','','','','','','集中式中央空调','','','','','玻璃幕墙	','','','有','无','无','','@Q4308280ZKTANJ72QNNRN87WVLO10P813GY2VV8OSJDTA5LL5Y_house_lurufangyuan',0,0,9,0,0,0,0,0,13,230,'','','0.00',''),(126,'新漕河泾国际商务中心','New Caohejing International Business Center','xincaohejingguojishangwuzhongxin','XCHJGJSWZX',1,1430102506,1,1458893546,0,11,0,200,13,'上海',2,'漕河泾',105054,'徐汇','徐汇桂平路391号','121.41067800','31.16978300',19843,'贺京健',1441964097,21023,'洪敏',1460450630,19891,'井潇泽','办公楼','甲级','暂无资料','25.00',3,'上海新兴技术开发区联合发展有限公司','','','','暂无资料','/','64859900','/','/',1291132800,'4.00','0.00','0.00','154.00','1644.20',0.00,38,2,'4.27','3.20','4.60','763.00','新漕河泾国际商务中心位于漕宝路近桂平路，属于徐汇漕河泾商圈。大楼分A B两幢，总高各38层，层高4米，整层得房率80%车位充足，地下车位数量达到1020个，租金600元/个/月，以及地面停车位，租金450元/个/月。周边有酒店，银行，轨道交通等配套设施。目前B幢对外出租，整层可分割——可预租。','漕河泾开发区地标性建筑，金融特色楼宇',0,0,0,'0.00',1060,'500.00','三菱','有','30','','约克','','周一至周五  8:00-19:00， 周六8:00-13:30 ','集中式中央空调','￥300元/小时/层','12米','有','5个/层','','','有','有','无','有','','@QV7G3BK0CINI2V6ZK9I1E6D9AZMQMT0AJ6Y0A697KT24464YNN_house_guanbifangyuan',0,0,5,0,0,0,0,0,3,350,'','','0.00',''),(128,'ULOPARK悠乐汇','','ULOPARKyoulehui','ULOPARKYLH',1,1435742408,1,0,0,9,10,200,12,'北京',53,'望京',105035,'朝阳','北京市广顺南大街和阜通东大街交界处','116.48329300','39.99544600',19774,'李柏',1432200874,19991,'苏鹏',1467168949,19809,'李维','办公楼','甲级','新浩物业','30.00',2,'','','','','北京圣鹏房地产开发有限公司','','','','',1222790400,'0.00','0.00','220000.00','0.00','1600.00',75.00,28,0,'0.00','2.60','5.00','4352.00','悠乐汇ULO PARK——望京首个体验式商业综合体。是中冶置业有限责任公司推出的集SOHO办公、体验商业为一体的综合型项目。项目总体定位为life style center式体验商业体。这里云集了BMW、西门子、索尼爱立信、LG、奔驰等众多世界500强企业，798、酒厂艺术区均近在咫尺，浓郁的商务与艺术氛围并存。\r\n悠乐汇的整体规划设计分为A、B两个区，悠乐汇A 区将是一个充满商机、具备多项功能的商业街区。建筑造型充满超现实主义风格，其中“水、火、冰”三大建筑风格特立独行，将项目的创意风格发挥得淋漓尽致。餐饮，娱乐，购物、办公都在这种充满想象力和变化的空间里实现。\r\n悠乐汇B区将是一个充满商机、具备多项功能的SOHO2.0办公区。专为创造型公司的新SOHO们设计：90-120平米适中户型、写字楼立项、可注册办公、国际物业公司管理，物业费低廉，面积可自由分割组合，更配备独立电梯，保证商铺经营空间的独立性。\r\n俱佳的商业氛围吸引了Mora china、北京瑞仁商贸、益福来科贸、东鸿国际货运、鸿盛嘉商务咨询、佳利实创声学科技、赛维华宇、尚潮时代、瑶臣万代、艾克腾视科技（北京）有限公司等贸易科技类在此落户。悠乐汇坚持独具格调的高品质，成为望京地区独树一帜的综合型商业区。','望京首个体验式商业综合体，充满商机的SOHO2.0办公商业区',33,32,0,'0.00',0,'600.00','三菱','','6部','','','','星期一至星期五10:00到18:30','集中式中央空调','','6米','','','面砖','','电信、联通、移动、有线通','无','无','无','','@07E7QI5XEU14SGPX0VD71AGKVDDA9U248J098VNRQTTJ769B8H_office_updatedalou',0,0,23,0,0,0,0,0,352,2350,'','','0.00',''),(129,'茅台大厦','','maotaidasha','MTDS',1,1432200883,1,0,0,10,1,0,12,'北京',94,'安贞/马甸',105035,'朝阳','北三环中路29号','116.38956100','39.97624900',19774,'李柏',1435633815,19806,'姜忠超',1462861367,19784,'倪福祥','1','甲级','仲量联行物业管理有限公司','26.00',1,'安经理','','13552240872','','首创置业北京阳光金都置业有限公司','','010-59284196','','',1162310400,'3.05','3600.00','42140.00','0.00','1583.00',69.00,32,0,'0.00','3.00','9.00','2332.00','茅台大厦是北环中心项目二期B座，地处北三环马甸桥东北角，交通畅达，地理位置极其优越。大厦采用国际先进的无柱式大办公空间设计，方正无柱的商务空间不仅增强了使用的灵活性，也使空间的有效使用率达到最高。\r\n中国能源，国家核电，合享新创信息科技，立信会计师事务所，米多财富管理，七星时代别墅设计，国酒茅台等企业的入驻，也增加了此地浓厚的商业气氛。','国际先进的无柱式大办公空间设计',32,27,28,'0.00',600,'1200.00','三菱','低、高','4部','1部','','','星期一至星期五08:00到18:00','集中式中央空调','','7.5米','','','玻璃幕墙','','电信、联通、移动','无','无','无','','@N5R5G0HY8958G5F3JN45H8V3ILUI49K37BI95TXW1UCOF3PB7M_office_baocundiliweizhi',0,0,0,0,0,0,0,0,5,248,'','','0.00',''),(130,'星城国际大厦','','xingchengguojidasha','XCGJDS',1,1432202074,1,0,0,4,0,200,12,'北京',248,'酒仙桥',105035,'朝阳','北京市朝阳区酒仙桥路甲10号','116.49709300','39.98596600',19784,'倪福祥',1432202074,20910,'关赛赛',1460601921,19784,'倪福祥','办公楼','甲级','北京星城置业有限公司','25.00',2,'','张瑞华','13601115458','','北京星城置业有限公司','','010-58385366','','',-28800,'0.00','8000.00','29000.00','0.00','0.00',75.00,21,3,'0.00','2.70','5.00','6865.02','星城国际位于大山子环岛东南角，地理位置优越；紧邻机场高速、京顺路，交通环境良好；区域属于政府规划重点发展区域——电子城科技园；区域及周边分布大量的知名高科技企业；区域临近燕沙商圈、丽都商圈，有良好的商业氛围，以及独特的商务办公条件。\r\n建筑总面积15万平方米，拥有一座1万多平方米带高尔夫球场的空中花园；两栋共管式外销国际公寓；一栋酒店式公寓智能化写字楼，及4.6万平方米的国际商务展厅；还有3.6万平方米的智能化地下车库……纯商务办公空间！成长型商务基地！纯粹商务企业定位，专署服务于上升发展型中小企业，高品质商务大堂、公共部分及电梯间的完美设计，造就建筑100%办公环境。','纯商务办公空间，成长型商务基地',27,31,0,'30.00',500,'5.00','','','5','','','0','','集中式中央空调','','','','','','','','无','无','无','','@O009S1S225W9107DKX6SJM4UQ6Y28MI1345D8GZK58I54AC6L0_house_lurufangyuan',0,0,25,0,0,0,0,0,87,707,'','','0.00',''),(131,'宝能中心','','baonengzhongxin','BNZX',1,1432202124,1,0,0,7,0,200,12,'北京',53,'望京',105035,'朝阳','阜通东大街12号','116.48503700','39.99383800',19774,'李柏',1435633826,19820,'张乔杰',1466473294,19822,'王栋','办公楼','甲级','北京市宝能物业管理有限公司','18.00',1,'宝能世纪有限公司','','','','北京华丰世纪置业有限公司','','010-64792222','','',1291132800,'4.20','0.00','31497.42','25.00','1100.00',70.00,16,3,'0.00','3.20','7.00','3619.70','项目为国际竹藤大厦的二期。宝能中心­­­­­总建筑面积为71709.45平方米，办公楼31497.42平方米。100—1500平方米写字间灵活组合，国际甲级办公楼，企业办公首选商务平台。','舒适办公',28,33,0,'8.00',0,'800.00','日本三菱','','3部','1部','','','星期一至星期五08:00到18:00、星期六至星期日08:00到18:00','集中式中央空调','','5.5米','','','玻璃幕墙','','电信、联通、铁通、移动','有','有','有','','@30B9C6R9E8A51A160L66KH41DA4F268U1I11S500RK883INLQ5_office_suopan_dalouguizepeizhi',0,0,7,0,0,0,0,0,26,336,'','','0.00',''),(132,'方恒时代中心','','fanghengshidaizhongxin','FHSDZX',1,1436328670,1,0,0,9,0,200,12,'北京',53,'望京',105035,'朝阳','阜通东大街6号(望京阜通东大街与阜荣街交汇处东侧)','116.49068700','39.99828900',19774,'李柏',1435633815,19806,'姜忠超',1467107714,19822,'王栋','办公楼','甲级','北京方恒第一太平物业管理有限公司','26.00',3,'','','','','','','','','',-28800,'0.00','0.00','72000.00','0.00','0.00',67.00,18,0,'0.00','2.90','7.00','1959.47','方恒时代中心，坐落于第二CBD核心，立足望京，由两栋5A级智能写字楼组成，景观、楼体、裙楼、入口等照明设计理念是以“金镶玉”为主题，两栋建筑荣获“美国LEED绿色建筑认证”，在建筑设计和施工组织等方面都将达到美国LEED绿色建筑认证标准，锻造节能、节水、舒适、智能的绿色建筑，为工作于此的国际企业、商务精英提供更高效、安全、舒适办公环境。','优质生活打造自然健康家园',0,0,0,'0.00',0,'0.00','','','','','','','','集中式中央空调','','','','','','','','有','有','有','','@A256EL92O82H9JB3OUX0XFUB68V96ZLL2E918I67W2UU92T952_office_suopan_dalouguizepeizhi',0,1,6,0,0,0,0,0,31,161,'','','0.00',''),(133,'博雅国际中心','','boyaguojizhongxin','BYGJZX',1,1436847132,1,1464830205,0,8,0,200,12,'北京',53,'望京',105035,'朝阳','望京利泽中一路1号','116.47610200','40.01936500',19774,'李柏',1435633817,19806,'姜忠超',1464830205,19822,'王栋','办公楼','甲级','北京世纪博雅物业管理有限公司','21.00',3,'北京世纪恒成建设开发有限公司','杨磊','13601389295','','北京世纪恒成建设开发有限公司','','010-64390505','','',1212249600,'21.00','0.00','97103.00','0.00','1600.00',75.00,21,3,'0.00','2.90','6.50','562.00','博雅国际占地1.3公顷，建筑面积97103平方米，绿化用地29130.9平方米，设有游泳池，儿童游乐场，停车场等公共娱乐休闲配套设施，环境优美，配套设施齐全，交通便利。\r\n目前已经有城建德博建筑技术有限公司、双赢双盛软件、阳光河谷体育发展有限公司、友源前景医疗、卡博陶粒北京分公司和西姆迪维尔传动技术公司等企业落户于此，距离博泰国际、望京科技园仅一街之隔，环境优越商务气氛浓厚。','接壤黄金科技园区，商务气氛浓厚',28,31,32,'0.00',57,'650.00','日立','','4部','1部','开立','','星期一至星期五00:30到10:00、星期六至星期日08:00到20:30','集中式中央空调','','20米','','','铝扣板','','电信、联通、移动、有线通','有','有','有','','@OG327UN092S152E971D97WKTAQA37BMQ65PBEIAELSG59OV6G5_office_suopan',0,0,4,0,0,0,0,0,77,197,'','','0.00',''),(134,'华彩国际中心','','huacaiguojizhongxin','HCGJZX',1,1432202595,1,0,0,6,0,0,12,'北京',53,'望京',105035,'朝阳','广顺北大街16号院','116.47480800','40.01611500',19783,'赵杰',1432202595,19820,'张乔杰',1465183481,19784,'倪福祥','1','甲级','北京融尚物业管理有限公司','30.00',3,'','陈经理','18601152986','','北京华瀛置业房地产开发有限公司','','010-59780056','','',1214841600,'0.00','0.00','16189.00','0.00','1468.00',70.00,20,3,'0.00','2.80','6.00','2464.00','华彩国际公寓属高品质公寓，以呈献精品建筑为理念，励志打造出具有豪宅品质，融合纯居住和高品质服务于一体的休闲办公综合体。\r\n社区整体分为南北区两大部分，由8栋板塔结合的公寓和北区写字楼、酒店和商业中心组成，内部设施完善，服务周到；交通便利，周边的商业配套设施齐全，商务氛围浓厚，适合各大企业入驻。','豪华品质，综合办公',27,29,32,'30.00',0,'5.00','','','','','','','','','','','','','','','','','','','','@ZE5I250329UEJSM968KJ369381XOXU3I837KKV0O23ZF77DBVQ_office_suopan_dalouguizepeizhi',0,0,1,0,0,0,0,0,3,131,'','','0.00',''),(135,'电子城科技大厦','','dianzichengkejidasha','DZCKJDS',1,1432203721,1,0,0,5,0,200,12,'北京',248,'酒仙桥',105035,'朝阳','酒仙桥路甲12号','116.49706600','39.98097800',19774,'李柏',1435633826,1,'系统',1460772000,19824,'孟林霞','办公楼','甲级','电子城物业管理公司','24.00',1,'北京电子城投资开发股份有限公司','张金圣','15901173417','','九州天昱投资开发有限公司','','010-58833568','','',1028131200,'3.50','0.00','27000.00','0.00','2100.00',75.00,16,0,'0.00','2.50','6.00','2716.00','国际电子总部（360大楼）是中关村电子城科技园的重点产业项目，是北京东北四环体量最大的以电子信息研发和总部经济为主的建筑群体，包含科研、办公、展览、会议及配套设施五大功能模块，以打造总部经济和电子信息产业发展为重点。\r\n360大楼定位为高端综合功能性建筑，总部大楼采用了框架核心筒结构，主体塔楼的连接体和悬挑处采用最大30米跨度的空间钢桁架，形成空中观赏层和屋顶花园，提供了一个休憩放松的自然环境。机动车可以从各个方向进入总部，地下车库的出入口全部放在次要道路上。所有建筑的地下停车场均连通，方便了车辆的停放。  \r\n奇虎科技360公司总部设立于此，和周边的恒通商务园、电子科技大厦、电子城文化广场等一同组成了电子信息产业的聚集地，这也吸引了大量国内外著名电子信息企业总部、研发中心、营销与采购机构，已成为面向国际电子信息产业的总部经济平台、研发中心平台、创业孵化平台和综合服务平台。','东北四环最大的电子信息研发中心',28,30,27,'0.00',150,'250.00','芬兰通力','','4部','1部','','','星期一至星期五08:30到18:00、星期六至星期日9:00到18:00','集中式中央空调','','4.5米','','','花岗石','','电信、联通、长城、铁通、移动、卫通、有线通','有','有','有','','@djPCzX3VyDhIQJbWeux8KM19B6cfS5tRiLaplAHUgkTrEOnvq7_house_status_31',0,1,4,0,0,0,0,0,15,270,'','','0.00',''),(136,'宏源大厦','','hongyuandasha','HYDS',1,1432204166,1,0,0,4,0,200,12,'北京',248,'酒仙桥',105035,'朝阳','北京市朝阳区酒仙桥路4号','116.49722600','39.99121700',19774,'李柏',1435633824,19806,'姜忠超',1460546754,19784,'倪福祥','办公楼','甲级','宏源物业','22.00',1,'','于海洋','18601250117','','北京广丰房地产有限公司','','64355358','','',1046448000,'3.30','50000.00','62707.32','0.00','1713.28',68.00,24,3,'0.00','2.30','5.20','2390.00','宏源大厦坐落在朝阳区酒仙桥路甲4号，紧邻机场高速公路，通往大厦的有21路公交车，地铁14号线也紧挨大厦，交通对企业员工非常的方便快捷，另外这里有一个完美的商务环境，东承空港经济圈，西接望京商务区，南临望京电子城科技园区；处于一个中心地带，在这个区域可以说是标志性的建筑，一览众山小，更可以树立公司的高大形象。\r\n浓厚的商务氛围，再加上优良的科技文化氛围，吸引了众多文化传播类企业的入驻，如：百睿臣文化传媒、新华昊宇文化传媒、商旅文化传播、九歌正轩文化发展、众望咨询、美耶体育咨询。','处于中心地带，商务与科技文化氛围浓厚',31,27,32,'20.00',70,'600.00','OTIS','','4部','1部','','','星期一至星期五08:00到18:00、星期六至星期日9:00到18:30','集中式中央空调','','4.1米','','','铝扣板','','电信、联通','有','有','有','','@8C62CWL6F0UZNW0Q34A1D7511AU96C25T72A4X5Y74SG33S1Z0_office_updatedalou',0,1,2,0,0,0,0,0,10,322,'','','0.00',''),(138,'富卓大厦','','fuzhuodasha','FZDS',1,1436883001,1,0,0,8,0,0,12,'北京',124,'宣武门',105037,'西城','宣外大街28号','116.38165900','39.90013900',19784,'倪福祥',1432214205,20137,'赵志刚',1460001790,19784,'倪福祥','1','甲级','北京银达物业管理有限责任公司','2.58',3,'','祁经理','18611067802','','','','18611067802','','',-28800,'0.00','0.00','40000.00','0.00','0.00',70.00,17,0,'0.00','2.60','6.50','1181.05','富卓项目总建16.6万平方米，已全部竣工入住，其中富卓大厦4万平方米。富卓大厦分A、B两座，采用框架大开间格局，方正实用，最小单元136平方米起，整层面积1390平方米，大厦配置5A级智能管理系统及8部迅达电梯。大厦外立面俊朗挺拔，外墙采用全玻璃幕，大堂、电梯间、卫生间等公共区域精装修，周边配套有银行、商务中心、邮局、餐厅等，周边有SOGO、沃尔玛、酒店等商务设施。','个性办公楼，深度激发企业创造力',0,0,0,'0.00',0,'0.00','','','','','','','','','','','','','','','','','','','','@12AM8QD7Y9P3SZQN7Z85PI0872C4QNRQLM6BFPBZ20X0I8L8W7_house_lurufangyuan',0,0,0,0,0,0,0,0,12,600,'','','0.00',''),(139,'京粮大厦','','jingliangdasha','JLDS',1,1438248346,1,0,0,10,0,0,12,'北京',55,'CBD',105035,'朝阳','东三环中路16号','116.46914800','39.90598400',19774,'李柏',1435633820,19827,'姜少强',1462757325,19784,'倪福祥','办公楼','乙级','京粮置业','30.00',1,'','王经理','51672142','','北京德嘉置业有限公司','','51672142','','',988646400,'2.80','0.00','44000.00','0.00','1450.00',70.00,23,0,'0.00','3.30','6.50','6970.00','京粮大厦位于CBD商务区，紧邻东三环中路，距国贸地铁仅500米。是目前CBD区域少有的可整层放量出租的现房全新内装写字楼。总建筑面积43000平方米，大厦同时配备了具有同声翻译功能的会议中心，餐饮，邮局，银行，展示中心等一应俱全，大厦特色水幕大堂彰显楼座档次，提升绿色指标。是一座设施完善的甲级写字楼。\r\nOkamura、德嘉置业、思慧莉、富士电机仪表、 蓝凌·知识管理专家、中日高电气科技诸多公司在此办公。','可整层放量出租的现房全新内装写字楼',31,33,0,'0.00',200,'1000.00','瑞士迅达','','4部','1部','','','星期一至星期五08:30到19:00、星期六至星期日10:00到18:00','集中式中央空调','','3.8米','','','面砖','2','电信、联通','无','无','无','','@4857V11I6AVT2O7H04KOW5W27IP256H4EA2952S270QTQEMXOX_office_suopan_dalouguizepeizhi',0,1,12,0,0,0,0,0,5,343,'','','0.00',''),(140,'西坝河南里22号楼','','','',0,0,1,1461926236,1,0,0,0,12,'北京',83,'三元桥',105035,'朝阳','朝阳区西坝河南里22号楼','116.44453700','39.96582600',19784,'倪福祥',1432214223,19806,'姜忠超',1461926236,19784,'倪福祥','办公楼','乙级','','0.00',1,'CEC中国电子','','','','','','','','',0,'0.00','0.00','0.00','0.00','0.00',0.00,6,0,'0.00','3.70','7.50','3100.00','','',28,31,32,'0.00',0,'0.00','','','','','','','','集中式中央空调','','','','','','','','有','有','有','','@GAH5KH3W777201DI65SPBD2K8VG1QBSE9JPML9VBEO7P88ILJ8_office_suopan',0,0,1,0,0,0,0,0,3,1,'','','0.00',''),(141,'博泰大厦','','botaidasha','BTDS',1,1450230228,0,0,0,8,0,0,12,'北京',53,'望京',105035,'朝阳','望京西园221号','116.47940300','40.00783500',19774,'李柏',1435633835,19806,'姜忠超',1462861298,19784,'倪福祥','1','甲级','北京创新物业管理有限责任公司','18.80',2,'','刘经理','64789255','','北京博泰隆房地产开发有限公司','','64789255','','',1164902400,'3.20','0.00','24000.00','0.00','1200.00',70.00,14,0,'0.00','3.00','4.00','1131.50','博泰大厦是一栋5A级智能化办公楼，位于望京新兴产业开发区内，辅以部分为办公楼服务的底商。1-3层为底商。大厦总面积2.4万平方米，其中地上14层1.75万平方米，地下3层0.65万平方米，共有地下车位百余个。 以前瞻性的眼光，一流的设计，无可比拟的地段优势，界定新兴财智商务办公区。丽都饭店、星级酒店、中关村科技创业园、第四使馆区、望京大厦、高档宅邸鳞次栉比，品质一览无余。','5A级智能化办公楼，品质出众',0,0,0,'0.00',100,'600.00','芬兰通力','','4部','3部','','','星期一至星期五9:00到18:00、星期六至星期日9:00到18:30','集中式中央空调','','4米','','','大理石','','电信、联通、长城、铁通、移动、卫通、有线通','','','','','@E0N865Z15H680GL7AS3960XBK18R2CQ6DNV3U6E5H6JAX2D1AR_office_baocundiliweizhi',0,0,3,0,0,0,0,0,0,0,'','','0.00',''),(142,'中轻大厦','','zhongqingdasha','ZQDX',1,1438336451,1,0,0,10,0,0,12,'北京',53,'望京',105035,'朝阳','朝阳区望京东路1号','116.49785700','40.01119400',19774,'李柏',1435633819,19806,'姜忠超',1462437967,19784,'倪福祥','办公楼','甲级','北京格瑞物业管理有限公司','28.00',1,'中轻集团','李全','18511212218','经营主管','中轻集团','','18511212218','','',1298908800,'3.60','0.00','40000.00','0.00','1948.00',65.00,21,0,'0.00','2.60','4.50','1898.00','望京中轻大厦位于朝阳区望京中关村科技园内的甲级写字楼，东临五环路，南依北小河，紧邻望京公园。以中轻大厦为中心，东望首都机场及中央别墅区，属于望京国际生活居住区，区域内现有的城铁、快速路、公共交通等立体交通网络能短时间直抵亚奥、丽都、燕莎、国贸等各大商圈及繁华之地，地理位置十分优越。\r\n周边有购物家乐福、沃尔玛、乐天玛特、华联、嘉茂、国美电器、苏宁电器等大型购物商场，还有中国银行、中信银行、中国建设银行，为您的办公与生活提供便捷服务。\r\n高品质的服务，便捷的交通，吸引了京联众兴物业管理有限公司的入驻，同时还有一些科技类的公司在此办公，为中轻大厦营造了良好的商务氛围。','高品质的服务，便捷的交通,良好的商务氛围',28,27,0,'0.00',365,'500.00','瑞典通力','','8部','2部','','','星期一至星期五07:00到20:30、星期六至星期日08:00到20:00','集中式中央空调','','10米','','','玻璃幕墙','','电信、联通、铁通、移动、有线通','有','有','有','','@9YKO74216NX3X7P737YLO17R1J70I3Y55X00J22555JH7T52G8_office_baocundiliweizhi',0,1,0,0,0,0,0,0,16,352,'','','0.00',''),(143,'锐创国际中心','','ruichuangguojizhongxin','RCGJZX',1,1432216004,1,0,0,12,0,200,12,'北京',53,'望京',105035,'朝阳','望京东路8号','116.49267100','40.01442300',19774,'李柏',1435633817,19806,'姜忠超',1466126996,19784,'倪福祥','办公楼','甲级','世邦魏理仕国际物业顾问有限公司','30.00',3,'','方秀珍','13426080676','租赁部主管','北京锐创伟业集团','','13426080676','','',1257004800,'4.20','0.00','128000.00','0.00','2050.09',60.00,21,3,'0.00','2.70','4.50','1731.00','锐创国际中心专为中关村电子城望京科技园区内，世界500强及国内知名企业配套服务的中小型企业办公居住使用，包括5A甲级写字楼、高档特色商业街区、高科技成长型企业孵化器SOHO商务公寓、法国知名品牌雅高酒店、高级会所，健身中心等等。\r\n其设计上打造了SOHO商务办公、灵动空间、自由组合等多种户型，专为中小型、创业型企业提供优质物业平台。吸引了大量的归国人员创业型企业、中小型新媒体、新生命科学技术和科技成长型企业使用。目前有第一视频，浦项建设，龙仕嘉蓝，锐创控股，现代重工，龙世嘉蓝，汉柏科技等技术和贸易类企业入驻。','创业成长型企业的乐土，世界500强就在身边',33,28,31,'0.00',71,'650.00','瑞士迅达','','4客梯2货','2部','','','星期一至星期五08:00到21:00、星期六至星期日08:00到21:00','半集中式中央空调','','8米','','','玻璃幕墙','','电信、联通、长城、移动','有','有','有','','@JSUT55DO8HXTHMN2U97247OQ8HL1GC9L8M5N5XHD2S5OO86J39_office_updatedalou',0,0,18,0,0,0,0,0,37,1402,'','','0.00',''),(144,'叶青大厦','','yeqingdasha','YQDX',1,1442909020,1,0,0,6,0,0,12,'北京',53,'望京',105035,'朝阳','望京北路9号','116.47461700','40.01772400',19774,'李柏',1435633824,19806,'姜忠超',1466127012,19822,'王栋','办公楼','甲级','北京叶氏物业管理有限公司','30.00',1,'叶氏企业集团有限公司','刘翠芳','01064392601','','北京叶氏企业集团有限公司','','01064392601','','',1083340800,'2.60','0.00','50000.00','0.00','1500.00',70.00,17,0,'0.00','2.50','9.00','10945.00','叶青大厦属涉外写字楼，建筑面积五万平方米，可提供各种办公用房。大厦地理位置优越，交通便利，地处望京经济技术开发区，建筑风格典雅，环境优美，吸引了许多著名公司入驻，目前入驻大厦外资企业有：德国西门子、韩国大宇公司、法国弓箭公司等，并且大厦里的中国银行可提供更方便的金融服务，大厦内邮局可提供快捷的邮政服务，为入驻企业提供最快捷舒适的办公服务。','地理位置优越，环境优美，办公服务快捷舒适',28,27,0,'0.00',200,'500.00','日本三菱','','4部','1部','','','星期一至星期五08:00到18:00、星期六至星期日08:00到18:00','集中式中央空调','','8米','','','玻璃幕墙','','电信、联通、长城、铁通、移动、卫通、有线通','有','有','有','','@E1GG28IK8L77G9T10359GL0792135WWL374D3Y7X55E0BVJMGT_office_updatedalou',0,1,3,0,0,0,0,0,12,379,'','','0.00',''),(147,'融科望京中心','','rongkewangjingzhongxin','RKWJZX',1,1436837736,1,0,0,8,1,200,12,'北京',53,'望京',105035,'朝阳','朝阳区望京东园513号','116.48969500','40.00384500',19774,'李柏',1435633814,19806,'姜忠超',1464164481,19824,'孟林霞','办公楼','甲级','第一太平融科物业管理（北京）有限公司','28.00',2,'','','','','北京东环望京房地产有限公司 联想集团','','','','',1412092800,'3.50','0.00','93558.00','0.00','1570.00',65.00,22,0,'0.00','2.70','8.50','2395.00','融科望京中心是北京罕见的“板式”写字楼产品，部分单元内更是能够实现只有板式住宅才能实现的“南北通透”。整栋建筑由A、B座两栋组成，项目平层面积约为1500平米左右，平层只有三户，十分适合中等规模的国际化企业平层总部办公需求。\r\n项目配备7米高豪华精装大堂，国际品牌高速电梯，智能宽带，营造出一个现代化高品质高效率的舒适办公环境。周边的1万平方米集中绿地，绿化率30.1%，园林式办公由美国SWA事务所倾情打造。\r\n融科望京中心已入驻企业有钱趣多(北京)投资管理有限公司、北京远行房地产、人哲地产等，项目紧邻望京SOHO，大批跨国企业和国际商业巨头在周边“着陆”。如世界500强16家：戴姆勒奔驰、卡特彼勒、 ABB、摩托罗拉、索爱、西门子、松下、微软、朗讯科技、北电网络、雀巢等已经抢先进驻，周边高新技术企业和互联网氛围浓厚。','板式住宅，南北通透，高新技术和互联网企业首选',28,32,33,'0.00',50,'750.00','瑞士迅达','','8部','1部','','','星期一至星期五08:00到08:00','集中式中央空调','','7米','','','玻璃幕墙','','电信、','有','有','有','','@Z3P27W26WMT69JY2R657O1B6BY612ZF0C7SBQB556G4VD45VSL_office_suopan_dalouguizepeizhi',0,0,20,0,19815,1462240744,0,0,32,424,'江振华','','0.00',''),(148,'恒通国际创新园','','hengtongguojichuangxinyuan','HTGJCXY',1,1447642121,0,0,0,6,0,0,12,'北京',248,'酒仙桥',105035,'朝阳','朝阳区酒仙桥北路9号','116.49903300','39.99413300',19774,'李柏',1432518206,19806,'姜忠超',1458546215,19774,'李柏','办公楼','甲级','高力国际','0.00',1,'','','','','北京松下彩色显像管有限公司','','','','',0,'0.00','0.00','150000.00','0.00','0.00',70.00,2,0,'0.00','6.00','5.00','0.00','恒通国际创新园区位于将台地区，紧邻首都机场高速公路，占据国门核心位置，与望京新区隔路向往。园区总占地面积约20万平方米，现有建筑面积约15万平方米，容积率0.75.建筑密度43.28%，绿化率28%，与798艺术区隔路相望。北侧建有望京体育公园，西边紧邻望京生活圈，南侧为酒仙桥居住区。硬件设施齐全便利，餐饮、购物、邮政、储蓄、休闲、娱乐等一应俱全。园区聘请高力国际作为物业顾问，引进国际化物业管理理念和管理体系，为客户提供高品质服务。长久以来，在园区和798所在的国门位置，一直被人们所熟知。随着望京新区的建立和发展，周边高楼林立。在空间格局上望京扮演的国门角色越来越突出。园区将以艺术文化资源及老厂区的优势，采用分区域分步骤实施，逐步建立有高品质高附加值口碑的跨界型文化金融创新区，最终打造酒仙桥区域内大一统的文化新区','有高品质高附加值口碑的跨界型文化金融创新区',0,0,0,'0.00',0,'0.00','','','','','','','','集中式中央空调','','','','','','','','有','有','有','','8QP9U80TTE1YA58G724QLETRQ44SL89T3M23O83R7T0604HL2O_office_updatedalou',0,0,0,0,0,0,0,0,0,0,'','','0.00',''),(149,'卷石天地大厦','','juanshitiandidasha','JSTDDX',1,1437117564,1,0,0,9,0,200,12,'北京',53,'望京',105035,'朝阳','望京西路甲53号','116.46363700','39.99721100',19774,'李柏',1435633819,19806,'姜忠超',1466664927,19782,'卢阳','办公楼','甲级','北京卷石天地物业管理有限责任公司','30.00',3,'','','','','北京嘉轩房地产开发有限公司','','','','',1149091200,'3.50','0.00','21662.00','0.00','1178.00',67.00,18,0,'0.00','2.60','6.50','10120.00','卷石天地大厦源于德国包豪斯经典建筑理念，秉承现代简约的建筑风格，运用删繁就简、少而精的设计，使其成为一座简约时尚的写字楼。\r\n大厦地理位置优越周边均为已开发完的成熟社区，各种配套设施齐全，紧邻17公顷的南湖公园和中央美院，六万平方米现代恢宏建筑，气势浑厚，地上一至三层为商业用途，三层以上为商务办公空间。 　　\r\n良好的办公设计思路和氛围吸引了建材地质工程、米时科技、中国石油天然气公司的入驻。','现代简约的建筑风格，删繁就简的设计理念',28,31,33,'0.00',150,'800.00','蒂森克虏伯','','5部','1部','','','星期一至星期五08:00到20:00','集中式中央空调','','7米','','','玻璃幕墙','','电信、联通、铁通、移动、有线通','有','有','有','','@O4CWP1ZX8LZV070353PP2KY72VO5ZWY8963VZQ9U4G0036KN28_office_updatedalou',0,0,51,0,0,0,0,0,43,163,'','','0.00',''),(150,'恒通商务园','','hengtongshangwuyuan','HTSWY',1,1432550578,0,0,0,9,0,200,12,'北京',248,'酒仙桥',105035,'朝阳','酒仙桥路10号','116.49739000','39.98465200',19774,'李柏',1435633819,19806,'姜忠超',1466127109,19784,'倪福祥','办公楼','甲级','高力国际','24.84',1,'北京赫实际置业有限公司','辛艺','18618460201','','北京英赫世纪科技发展有限公司','','18618460201','','',1272643200,'4.50','0.00','500000.00','5.00','3000.00',75.00,7,0,'0.00','2.70','7.00','4426.00','恒通商务园是北京市朝阳区首个花园式的商务园区，拥有大量的上世纪50年代前苏联专家设计并监督建造的中西结合建筑群，外观极富历史感和文化底蕴，空间宽阔舒适，具有低层、低密度、低容积率、高绿化率的园区高效办公环境。\r\n恒通商务园总体定位为国际商务园区，园区不仅提供独具特色的高品质写字楼现房，同时也可为客户提供从设计到竣工交付钥匙的全程量身定制解决方案。                                                           入驻园区的高科技企业还可享受与中关村科技园同等待遇的税收减免政策，政策利好吸引了苏黎世保险、京东方半导体、BOC气体公司、东方电子管、佰特瑞德商贸公司、北京天利易行投资公司等企业，为恒通商务营造了浓厚的电子信息产业氛围。','低密度高绿化园区，畅享税收减免政策',28,33,32,'40.00',191,'400.00','三菱','','8部','3部','','','星期一至星期五08:00到08:00','集中式中央空调','','6米','','','大理石','','电信、联通、移动、有线通','有','有','有','','@4R1IPKQSCALPNK3X0JM31530D9078IEP460939726MN6G5CNN3_office_updatedalou',0,0,31,0,0,0,0,0,0,0,'','','0.00',''),(151,'中央大厦','','zhongyangdasha','ZYDX',1,1463568262,0,0,0,3,0,0,12,'北京',248,'酒仙桥',105035,'朝阳','北京市朝阳区酒仙桥路10号','116.50001300','39.98434100',19784,'倪福祥',1432551765,19806,'姜忠超',1463568288,19824,'孟林霞','办公楼','甲级','北京英赫世纪科技发展有限公司','24.48',1,'辛艺','','01059756233','租赁经理','','','01059756233','','',-28800,'0.00','0.00','0.00','0.00','0.00',70.00,5,0,'0.00','2.80','9.60','8447.00','','交通便利，配套完善',28,29,31,'0.00',0,'0.00','','','','','','','','集中式中央空调','','','','','','','','有','有','有','','@65YFNQO6T0056S54GN2W1ON2V19089J0W53WG1N78XI9IEKM8C_office_updatedalou',0,0,1,0,0,0,0,0,0,0,'','','0.00',''),(152,'京物大厦','','jingwudasha','JWDS',1,1435567591,1,0,0,5,0,0,12,'北京',248,'酒仙桥',105035,'朝阳','酒仙桥北路5号','116.50966200','39.99442000',19774,'李柏',1435633836,1,'系统',1460804400,19784,'倪福祥','办公楼','甲级','京物物业管理有限公司','15.00',1,'王经理','','13381128871','','北京海科房地产开发有限公司','','010-64379488','','',1230739200,'3.50','0.00','7000.00','0.00','1000.00',70.00,5,0,'0.00','3.20','3.60','1903.00','京物大厦全属中关村五大园区之一电子城科技园，是酒仙桥工业园区重要组成部分。\r\n目前有北京恒达通联软件服务有限公司、环球通盟国际货运、中国电子物资总公司、信诚环通科技、中科航建环境工程等贸易科技类企业在此驻扎。周边的望京公园、电通时代广场、电子信息高级技工学校等，则为其提供了坚实的发展基础。','电子城科技园所属，酒仙桥工业重心',31,28,32,'0.00',150,'150.00','富士通','','4部','2部','','','星期一至星期五08:00到20:00、星期六至星期日9:00到19:00','集中式中央空调','','8米','','','玻璃幕墙','','电信、联通','有','有','有','','@dYHv7c6UKL15GbN2eyBQwx9lT0n3qi8ROusmtDaMEAW4oJgXFh_house_status_31',0,1,8,0,0,0,0,0,27,112,'','','0.00',''),(154,'望京大厦','','wangjingdasha','WJDS',1,1432638298,1,1461925748,0,7,0,200,12,'北京',53,'望京',105035,'朝阳','望京中环南路9号','116.47650200','39.99215000',19774,'李柏',1435633820,19806,'姜忠超',1461925748,19784,'倪福祥','1','乙级','北京国合物业管理有限公司','30.00',1,'邸文龙','','15001321346','','北京国际技术合作中心','','010-64711608','','',909849600,'3.80','0.00','34000.00','0.00','716.00',75.00,18,0,'0.00','2.50','5.50','539.00','望京大厦集写字楼、公寓于一体，建筑设计线条明朗，色彩大气简约，充满现代建筑的质感。简洁、流畅的建筑造型具有强烈的现代感，色调明快淡雅又不失高贵。\r\n这里聚集着美味顺、三千里烧烤名店、麦当劳花家地店、阳光食府等餐饮商店，周边还有工商银行望京支行、中国光大银行、建行望京分理处等金融机构，商务办公快捷方便。同时，还可与华英设计、摩湾餐饮管理、万瑞讯通科技、东方天旭商务、芬兰脱水机械、瑞典三久、斯耐特工业制造、易观国际等知名企业一起入驻办公。','简约线条设计，现代感造型',28,32,33,'0.00',100,'300.00','奥的斯','','6部','2部','','','星期一至星期五9:00到18:00、星期六至星期日10:00到17:00','集中式中央空调','','5米','','','大理石','','电信、联通、长城、铁通、移动、卫通、有线通','','','','','@K4Q253JI6R86ROP58KI6V4N93RRVA4YA01H4C09CG34REOS6Y5_office_suopan',0,0,2,0,0,0,0,0,14,41,'','','0.00',''),(162,'天阶大厦','','tianjiedasha','TJDS',1,1444704583,1,0,0,5,0,0,12,'北京',55,'CBD',105035,'朝阳','北京市朝阳区光华路9号世贸天阶','116.46001100','39.92188300',19774,'李柏',1432737311,20902,'周亚三',1460541006,19820,'张乔杰','1','甲级','仲量联行物业管理服务公司','28.00',3,'','曹先生','','','','','15321582171','','',-28800,'0.00','0.00','211200.00','0.00','0.00',65.00,25,0,'0.00','2.40','12.00','8036.00','本项目位于CBD核心区，集写字楼、高档商场、餐饮、娱乐为一体的综合项目，坐拥斥资2.5亿的亚洲第一，世界第二的电子梦幻天幕。写字楼为5A级，分为南、北两栋，各25层。南楼开发商只租不售，北楼全部自用或大公司整层租用，客户水准极高。写字楼层高3.70米，使用率约76％，70年产权，六部客梯，一部货梯，公共部分采用大理石地面和墙面彰显时尚。紧邻国贸、嘉里中心等众多顶级写字楼以及世贸国际公寓、新城国际等名品公寓，坐镇北京CBD西区门户，已被朝阳区政府定为政府重点工作项目，并成为CBD的旗舰商业。','流露高贵时尚商业气息',0,0,0,'0.00',0,'0.00','','','','','','','','','','','','','','','','','','','','@9UW5X5B7106R4VUK92982U7088NJ68U5U5S4A6U60OMDUMC6OS_house_jihuofangyuan',0,0,11,0,0,0,0,0,0,76,'','','0.00',''),(200278,'外滩金融中心','','waitanjinrongzhongxin','WTJRZX',1,1467194048,0,0,0,0,1,0,12,'北京',53,'望京',105035,'朝阳','中山东二路600号','0.00000000','0.00000000',0,'测试',1467193263,27,'李乐',1467257146,0,'测试','办公楼','甲级','','0.00',1,'','','','','','','','','',0,'0.00','0.00','0.00','0.00','0.00',75.00,0,0,'0.00','0.00','0.00','0.00','','',0,0,0,'0.00',0,'0.00','','','','','','','','集中式中央空调','','','','','','','','有','有','有','','@G862IG046WDU002LO41JYRQ734J0V5LXG8F2BG1ADXBYANJ5I5_office_updatedalou',0,0,0,0,0,0,0,0,0,0,'','','0.00','');

/*Table structure for table `office_imgs` */

DROP TABLE IF EXISTS `office_imgs`;

CREATE TABLE `office_imgs` (
  `id` int(11) NOT NULL AUTO_INCREMENT COMMENT '图片标识',
  `office_id` int(11) NOT NULL COMMENT '从属楼盘标识',
  `imgformat` varchar(20) NOT NULL COMMENT '图片格式',
  `imgpath` varchar(200) NOT NULL COMMENT '图片路径,注意图片路径是相对路径，其实是一个虚拟路径，路径并不真实存在，只是文件服务器的一种标识',
  `imgtype` int(11) NOT NULL COMMENT '图片种类,1，外形图、2，标准平面图、3，地理位置图、4，大厅图、5，办公区域图',
  `is3d` int(11) NOT NULL COMMENT '是否是全景图图',
  `isdelete` int(11) NOT NULL COMMENT '是否已删除,0(默认)未删除，1已删除',
  `create_id` int(11) NOT NULL DEFAULT '0' COMMENT '创建人id',
  `create_name` varchar(50) NOT NULL DEFAULT '' COMMENT '创建人',
  `create_at` int(11) NOT NULL DEFAULT '0' COMMENT '创建时间',
  `modify_id` int(11) NOT NULL DEFAULT '0' COMMENT '修改人',
  `modify_name` varchar(50) NOT NULL DEFAULT '' COMMENT '修改人姓名',
  `modify_at` int(11) NOT NULL DEFAULT '0' COMMENT '修改时间',
  `modify_actionid` varchar(100) NOT NULL DEFAULT '' COMMENT '业务动作标识',
  `imgDesc` varchar(100) NOT NULL DEFAULT '' COMMENT '图片描述',
  `sign_address` varchar(100) DEFAULT NULL COMMENT '签到地址',
  PRIMARY KEY (`id`)
) ENGINE=InnoDB AUTO_INCREMENT=6 DEFAULT CHARSET=utf8;

/*Data for the table `office_imgs` */

insert  into `office_imgs`(`id`,`office_id`,`imgformat`,`imgpath`,`imgtype`,`is3d`,`isdelete`,`create_id`,`create_name`,`create_at`,`modify_id`,`modify_name`,`modify_at`,`modify_actionid`,`imgDesc`,`sign_address`) values (1,200278,'.jpg','2976fbf171db41beb415cd2d582da236.jpg',1,0,0,0,'测试',1467193660,0,'测试',1467193660,'@S5P6NCP06X3621Q9KMD32258V238835361CM1WUJ8HSYZOXO2D_office_imgs_tupian','',NULL),(2,200278,'.jpg','3a0b16beee1f488398986ab1c1d2c73d.jpg',1,0,0,0,'测试',1467193707,0,'测试',1467193707,'@8ACOX69MOX4C1LCK1S9H5J2T2QVR57068DK138AND6Y8KV6R2V_office_imgs_tupian','',NULL),(3,128,'.jpg','04feb7aeda93496593d3cad3e4a62570.jpg',1,0,0,0,'测试',1467193785,0,'测试',1467193785,'@988S9L37Z413K5957XYCQ2FS57T1864FK43VJI94K49162CC0A_office_imgs_tupian','',NULL),(4,132,'.jpg','45e739d0f9754c5ba898b2472cb11c85.jpg',1,0,0,0,'测试',1467197942,0,'测试',1467197942,'@7MA8S4X92294GEZ97S0I61L7KHIHUHTI52G85RBDIN386MALD1_office_imgs_tupian','',NULL),(5,200278,'.jpg','1901a50da380475f963a80c2afb8997c.jpg',1,0,0,27,'李乐',1467257157,27,'李乐',1467257157,'@1469X9J2L9GKM0CO214A2K32R7QB5102A8HWCCS973E5N8964H_office_imgs_tupian','',NULL);

/*Table structure for table `partners` */

DROP TABLE IF EXISTS `partners`;

CREATE TABLE `partners` (
  `id` int(11) NOT NULL AUTO_INCREMENT COMMENT '主键',
  `name` varchar(200) NOT NULL DEFAULT '' COMMENT '合作伙伴名称',
  `link` varchar(200) NOT NULL DEFAULT '' COMMENT '合作伙伴地址',
  `status` int(11) NOT NULL DEFAULT '0' COMMENT '状态0不显示,1显示',
  `create_id` int(11) NOT NULL DEFAULT '0' COMMENT '创建人id',
  `create_name` varchar(50) NOT NULL DEFAULT '' COMMENT '创建人name',
  `create_at` int(11) NOT NULL DEFAULT '0' COMMENT '创建时间',
  `modify_id` int(11) NOT NULL DEFAULT '0' COMMENT '修改人id',
  `modify_name` varchar(50) NOT NULL DEFAULT '' COMMENT '修改人name',
  `modify_at` int(11) NOT NULL DEFAULT '0' COMMENT '修改人时间',
  `isdelete` int(11) NOT NULL DEFAULT '0' COMMENT '是否删除',
  PRIMARY KEY (`id`)
) ENGINE=InnoDB AUTO_INCREMENT=12 DEFAULT CHARSET=utf8;

/*Data for the table `partners` */

insert  into `partners`(`id`,`name`,`link`,`status`,`create_id`,`create_name`,`create_at`,`modify_id`,`modify_name`,`modify_at`,`isdelete`) values (1,'123123','213123123',1,0,'测试',1467098888,0,'测试',1467101816,1),(2,'213123','123123123',1,0,'测试',1467099009,0,'测试',1467181276,1),(3,'uban','http://www.baidu.com',1,0,'测试',1467099050,0,'测试',1467181277,1),(4,'uban','http://www.baidu.com',1,0,'测试',1467099304,0,'测试',1467181278,1),(5,'213123','123123123',1,0,'测试',1467101759,0,'测试',1467181279,1),(6,'新浪','http://www.sina.com',1,0,'测试',1467182365,0,'测试',1467186981,0),(7,'百度','http://www.baidu.com',1,0,'测试',1467182383,0,'测试',1467186983,0),(8,'优办','http://www.uban.com',1,0,'测试',1467182400,0,'测试',1467186984,0),(9,'人人网','http://www.renren.com',1,0,'测试',1467182418,0,'测试',1467186985,0),(10,'搜房网','http://www.soufang.com',1,0,'测试',1467182502,0,'测试',1467186986,0),(11,'58同城','http://www.58.com',1,0,'测试',1467182564,0,'测试',1467186988,0);

/*Table structure for table `servicehotline` */

DROP TABLE IF EXISTS `servicehotline`;

CREATE TABLE `servicehotline` (
  `id` int(11) NOT NULL AUTO_INCREMENT,
  `phone` varchar(100) NOT NULL DEFAULT '' COMMENT '电话',
  `name` varchar(50) NOT NULL DEFAULT '' COMMENT '联系人姓名',
  `create_id` int(11) NOT NULL DEFAULT '0',
  `create_name` varchar(50) NOT NULL DEFAULT '',
  `create_at` int(11) NOT NULL DEFAULT '0',
  `modify_id` int(11) NOT NULL DEFAULT '0',
  `modify_name` varchar(50) NOT NULL DEFAULT '',
  `modify_at` int(11) NOT NULL DEFAULT '0',
  `type` int(11) NOT NULL DEFAULT '0' COMMENT '1,热线电话2,地址',
  PRIMARY KEY (`id`)
) ENGINE=InnoDB AUTO_INCREMENT=10 DEFAULT CHARSET=utf8;

/*Data for the table `servicehotline` */

insert  into `servicehotline`(`id`,`phone`,`name`,`create_id`,`create_name`,`create_at`,`modify_id`,`modify_name`,`modify_at`,`type`) values (8,'13900000000','李乐',0,'测试',1467196229,24,'陈俊',1467340427,1),(9,'','望京soho塔2C2501',0,'测试',1467196242,24,'陈俊',1467340449,2);

/*Table structure for table `user` */

DROP TABLE IF EXISTS `user`;

CREATE TABLE `user` (
  `id` int(11) unsigned NOT NULL AUTO_INCREMENT COMMENT '用户id',
  `loginname` varchar(100) NOT NULL COMMENT '登录名',
  `fullname` varchar(30) NOT NULL COMMENT '中文名字',
  `email` varchar(100) NOT NULL DEFAULT '' COMMENT '邮箱',
  `cell_phone` varchar(50) NOT NULL DEFAULT '' COMMENT '手机',
  `password` varchar(1000) NOT NULL COMMENT '密码',
  `isdelete` int(4) NOT NULL DEFAULT '0' COMMENT '0未删除，1已删除',
  `forbidden` int(4) NOT NULL DEFAULT '0' COMMENT '是否禁用 0 不禁用， 1禁用',
  `last_login_at` int(11) NOT NULL DEFAULT '0' COMMENT '最后一次登陆时间',
  `wrong_count` int(4) NOT NULL DEFAULT '0' COMMENT '用户登陆错误次数',
  PRIMARY KEY (`id`)
) ENGINE=InnoDB AUTO_INCREMENT=29 DEFAULT CHARSET=utf8;

/*Data for the table `user` */

insert  into `user`(`id`,`loginname`,`fullname`,`email`,`cell_phone`,`password`,`isdelete`,`forbidden`,`last_login_at`,`wrong_count`) values (0,'admin','管理员','admin@163.com','13900000000','350f2c9296bebca88de7a993ee1f76d8',0,0,0,0),(24,'chenjun','陈俊','chenjun@163.com','12345678912','5cc4d6af65f29ef844fad12a3ea878d1',0,0,0,0),(25,'zhangdongdong','张冬冬','zhangdongdong@163.com','12345679812','9ef503e8b585224fb9dc1171ea7671fab4738a2f6fe5dfa6edf56fb333e8f9a2',0,0,0,0),(26,'lile1','李乐','lile@163.com','12345678912','808c30e05b52aa30fa5d16d381ba9bbb',1,0,0,0),(27,'lile','李乐','lile@163.com','12345678912','69df4a86a1ea75d44e46dde31f17e26d',0,0,0,0),(28,'chenjun1','陈骏','df@qq.com','13245678912','d0bab7912c4f9dc534e3664e4cface30',1,0,0,0);

/*Table structure for table `user_role` */

DROP TABLE IF EXISTS `user_role`;

CREATE TABLE `user_role` (
  `id` int(11) unsigned NOT NULL AUTO_INCREMENT COMMENT '用户角色ID',
  `user_id` int(11) unsigned DEFAULT NULL COMMENT '用户id',
  `role_id` int(11) unsigned DEFAULT NULL COMMENT '角色id',
  `creator` int(11) unsigned DEFAULT NULL COMMENT '录入人',
  `creator_name` varchar(255) DEFAULT NULL COMMENT '录入人',
  `created_at` int(255) unsigned DEFAULT NULL COMMENT '录入时间',
  PRIMARY KEY (`id`)
) ENGINE=InnoDB AUTO_INCREMENT=52 DEFAULT CHARSET=utf8;

/*Data for the table `user_role` */

insert  into `user_role`(`id`,`user_id`,`role_id`,`creator`,`creator_name`,`created_at`) values (1,0,1,NULL,NULL,NULL),(47,24,1,0,'管理员',1467253766),(48,25,0,0,'管理员',1467253791),(49,26,0,0,'管理员',1467253818),(50,27,1,0,'管理员',1467253931),(51,28,0,0,'管理员',1467253969);

/*!40101 SET SQL_MODE=@OLD_SQL_MODE */;
/*!40014 SET FOREIGN_KEY_CHECKS=@OLD_FOREIGN_KEY_CHECKS */;
/*!40014 SET UNIQUE_CHECKS=@OLD_UNIQUE_CHECKS */;
/*!40111 SET SQL_NOTES=@OLD_SQL_NOTES */;
